Block Type,384-Well Block,,,,,,,,,,,,,,,,,,,,,,,,,,,,
Calibration Background is expired,No,,,,,,,,,,,,,,,,,,,,,,,,,,,,
Calibration Background performed on,05-17-2024,,,,,,,,,,,,,,,,,,,,,,,,,,,,
Calibration Pure Dye ABY is expired,Yes,,,,,,,,,,,,,,,,,,,,,,,,,,,,
Calibration Pure Dye ABY performed on,11-08-2023,,,,,,,,,,,,,,,,,,,,,,,,,,,,
Calibration Pure Dye CY5 is expired,Yes,,,,,,,,,,,,,,,,,,,,,,,,,,,,
Calibration Pure Dye CY5 performed on,11-08-2023,,,,,,,,,,,,,,,,,,,,,,,,,,,,
Calibration Pure Dye FAM is expired,Yes,,,,,,,,,,,,,,,,,,,,,,,,,,,,
Calibration Pure Dye FAM performed on,11-08-2023,,,,,,,,,,,,,,,,,,,,,,,,,,,,
Calibration Pure Dye JUN is expired,Yes,,,,,,,,,,,,,,,,,,,,,,,,,,,,
Calibration Pure Dye JUN performed on,11-08-2023,,,,,,,,,,,,,,,,,,,,,,,,,,,,
Calibration Pure Dye MUSTANG PURPLE is expired,Yes,,,,,,,,,,,,,,,,,,,,,,,,,,,,
Calibration Pure Dye MUSTANG PURPLE performed on,11-08-2023,,,,,,,,,,,,,,,,,,,,,,,,,,,,
Calibration Pure Dye NED is expired,Yes,,,,,,,,,,,,,,,,,,,,,,,,,,,,
Calibration Pure Dye NED performed on,11-08-2023,,,,,,,,,,,,,,,,,,,,,,,,,,,,
Calibration Pure Dye ROX is expired,Yes,,,,,,,,,,,,,,,,,,,,,,,,,,,,
Calibration Pure Dye ROX performed on,11-08-2023,,,,,,,,,,,,,,,,,,,,,,,,,,,,
Calibration Pure Dye SYBR is expired,Yes,,,,,,,,,,,,,,,,,,,,,,,,,,,,
Calibration Pure Dye SYBR performed on,11-08-2023,,,,,,,,,,,,,,,,,,,,,,,,,,,,
Calibration Pure Dye TAMRA is expired,Yes,,,,,,,,,,,,,,,,,,,,,,,,,,,,
Calibration Pure Dye TAMRA performed on,11-08-2023,,,,,,,,,,,,,,,,,,,,,,,,,,,,
Calibration Pure Dye VIC is expired,Yes,,,,,,,,,,,,,,,,,,,,,,,,,,,,
Calibration Pure Dye VIC performed on,11-08-2023,,,,,,,,,,,,,,,,,,,,,,,,,,,,
Calibration RNaseP is expired,Yes,,,,,,,,,,,,,,,,,,,,,,,,,,,,
Calibration RNaseP performed on,11-08-2023,,,,,,,,,,,,,,,,,,,,,,,,,,,,
Calibration ROI is expired,Yes,,,,,,,,,,,,,,,,,,,,,,,,,,,,
Calibration ROI performed on,11-08-2023,,,,,,,,,,,,,,,,,,,,,,,,,,,,
Calibration Uniformity is expired,Yes,,,,,,,,,,,,,,,,,,,,,,,,,,,,
Calibration Uniformity performed on,11-08-2023,,,,,,,,,,,,,,,,,,,,,,,,,,,,
Chemistry,TAQMAN,,,,,,,,,,,,,,,,,,,,,,,,,,,,
Date Created,2024-05-24 11:57:04 AM EDT,,,,,,,,,,,,,,,,,,,,,,,,,,,,
Experiment Barcode,,,,,,,,,,,,,,,,,,,,,,,,,,,,,
Experiment Comment,,,,,,,,,,,,,,,,,,,,,,,,,,,,,
Experiment File Name,E:\Applied Biosystems\QuantStudio\Jekielek Scallops\Jekielek_qPCR_P02.eds,,,,,,,,,,,,,,,,,,,,,,,,,,,,
Experiment Name,Jekielek_qPCR_P02,,,,,,,,,,,,,,,,,,,,,,,,,,,,
Experiment Run End Time,2024-05-24 14:04:39 PM EDT,,,,,,,,,,,,,,,,,,,,,,,,,,,,
Experiment Type,Standard Curve,,,,,,,,,,,,,,,,,,,,,,,,,,,,
Instrument Name,278870712,,,,,,,,,,,,,,,,,,,,,,,,,,,,
Instrument Serial Number,278870712,,,,,,,,,,,,,,,,,,,,,,,,,,,,
Instrument Type,QuantStudio(TM) 7 Flex System,,,,,,,,,,,,,,,,,,,,,,,,,,,,
Passive Reference,ROX,,,,,,,,,,,,,,,,,,,,,,,,,,,,
Quantification Cycle Method,Ct,,,,,,,,,,,,,,,,,,,,,,,,,,,,
Signal Smoothing On,true,,,,,,,,,,,,,,,,,,,,,,,,,,,,
Stage/ Cycle where Analysis is performed,"Stage 2, Step 2",,,,,,,,,,,,,,,,,,,,,,,,,,,,
User Name,Seth Goodnight,,,,,,,,,,,,,,,,,,,,,,,,,,,,
,,,,,,,,,,,,,,,,,,,,,,,,,,,,,
Well,Well Position,Omit,Sample Name,Target Name,Task,Reporter,Quencher,CT,Ct Mean,Ct SD,Quantity,Quantity Mean,Quantity SD,Automatic Ct Threshold,Ct Threshold,Automatic Baseline,Baseline Start,Baseline End,Comments,Y-Intercept,R(superscript 2),Slope,Efficiency,Amp Score,Cq Conf,HIGHSD,NOAMP,OUTLIERRG,EXPFAIL
1,A1,false,C263,P. magellanicus,UNKNOWN,FAM,NFQ-MGB,Undetermined,,,,,,true,0.054,true,1,40,,4.517,0.992,-3.671,87.243,0.000,0.000,N,Y,N,Y
2,A2,false,C263,P. magellanicus,UNKNOWN,FAM,NFQ-MGB,Undetermined,,,,,,true,0.054,true,1,40,,4.517,0.992,-3.671,87.243,0.000,0.000,N,Y,N,Y
3,A3,false,C263,P. magellanicus,UNKNOWN,FAM,NFQ-MGB,Undetermined,,,,,,true,0.054,true,1,40,,4.517,0.992,-3.671,87.243,0.000,0.000,N,Y,N,Y
4,A4,false,C263,P. magellanicus,UNKNOWN,FAM,NFQ-MGB,Undetermined,,,,,,true,0.054,true,1,40,,4.517,0.992,-3.671,87.243,0.000,0.000,N,Y,N,Y
5,A5,false,C96,P. magellanicus,UNKNOWN,FAM,NFQ-MGB,34.764,35.108,0.490,5.76E-09,4.79E-09,1.26E-09,true,0.054,true,1,40,,4.517,0.992,-3.671,87.243,1.124,0.970,N,N,N,N
6,A6,false,C96,P. magellanicus,UNKNOWN,FAM,NFQ-MGB,34.930,35.108,0.490,5.19E-09,4.79E-09,1.26E-09,true,0.054,true,1,40,,4.517,0.992,-3.671,87.243,1.129,0.977,N,N,N,N
7,A7,false,C96,P. magellanicus,UNKNOWN,FAM,NFQ-MGB,34.904,35.108,0.490,5.28E-09,4.79E-09,1.26E-09,true,0.054,true,1,40,,4.517,0.992,-3.671,87.243,1.124,0.971,N,N,N,N
8,A8,false,C96,P. magellanicus,UNKNOWN,FAM,NFQ-MGB,35.836,35.108,0.490,2.94E-09,4.79E-09,1.26E-09,true,0.054,true,1,40,,4.517,0.992,-3.671,87.243,1.044,0.939,N,N,Y,N
9,A9,false,C123,P. magellanicus,UNKNOWN,FAM,NFQ-MGB,33.764,34.066,0.259,1.08E-08,9.01E-09,1.46E-09,true,0.054,true,1,40,,4.517,0.992,-3.671,87.243,1.161,0.979,N,N,N,N
10,A10,false,C123,P. magellanicus,UNKNOWN,FAM,NFQ-MGB,33.971,34.066,0.259,9.47E-09,9.01E-09,1.46E-09,true,0.054,true,1,40,,4.517,0.992,-3.671,87.243,1.160,0.977,N,N,N,N
11,A11,false,C123,P. magellanicus,UNKNOWN,FAM,NFQ-MGB,34.162,34.066,0.259,8.41E-09,9.01E-09,1.46E-09,true,0.054,true,1,40,,4.517,0.992,-3.671,87.243,1.160,0.964,N,N,N,N
12,A12,false,C123,P. magellanicus,UNKNOWN,FAM,NFQ-MGB,34.369,34.066,0.259,7.38E-09,9.01E-09,1.46E-09,true,0.054,true,1,40,,4.517,0.992,-3.671,87.243,1.147,0.960,N,N,N,N
13,A13,false,D41,P. magellanicus,UNKNOWN,FAM,NFQ-MGB,29.454,29.379,0.065,1.61E-07,1.69E-07,6.93E-09,true,0.054,true,1,40,,4.517,0.992,-3.671,87.243,1.181,0.987,N,N,N,N
14,A14,false,D41,P. magellanicus,UNKNOWN,FAM,NFQ-MGB,29.396,29.379,0.065,1.67E-07,1.69E-07,6.93E-09,true,0.054,true,1,40,,4.517,0.992,-3.671,87.243,1.182,0.987,N,N,N,N
15,A15,false,D41,P. magellanicus,UNKNOWN,FAM,NFQ-MGB,29.372,29.379,0.065,1.70E-07,1.69E-07,6.93E-09,true,0.054,true,1,40,,4.517,0.992,-3.671,87.243,1.183,0.986,N,N,N,N
16,A16,false,D41,P. magellanicus,UNKNOWN,FAM,NFQ-MGB,29.296,29.379,0.065,1.78E-07,1.69E-07,6.93E-09,true,0.054,true,1,40,,4.517,0.992,-3.671,87.243,1.180,0.987,N,N,N,N
17,A17,false,D156,P. magellanicus,UNKNOWN,FAM,NFQ-MGB,32.441,32.198,0.185,2.47E-08,2.89E-08,3.29E-09,true,0.054,true,1,40,,4.517,0.992,-3.671,87.243,1.178,0.976,N,N,N,N
18,A18,false,D156,P. magellanicus,UNKNOWN,FAM,NFQ-MGB,32.118,32.198,0.185,3.03E-08,2.89E-08,3.29E-09,true,0.054,true,1,40,,4.517,0.992,-3.671,87.243,1.176,0.973,N,N,N,N
19,A19,false,D156,P. magellanicus,UNKNOWN,FAM,NFQ-MGB,32.006,32.198,0.185,3.25E-08,2.89E-08,3.29E-09,true,0.054,true,1,40,,4.517,0.992,-3.671,87.243,1.167,0.960,N,N,N,N
20,A20,false,D156,P. magellanicus,UNKNOWN,FAM,NFQ-MGB,32.228,32.198,0.185,2.83E-08,2.89E-08,3.29E-09,true,0.054,true,1,40,,4.517,0.992,-3.671,87.243,1.167,0.970,N,N,N,N
21,A21,false,C135,P. magellanicus,UNKNOWN,FAM,NFQ-MGB,29.145,29.039,0.188,1.95E-07,2.10E-07,2.60E-08,true,0.054,true,1,40,,4.517,0.992,-3.671,87.243,1.179,0.974,N,N,N,N
22,A22,false,C135,P. magellanicus,UNKNOWN,FAM,NFQ-MGB,29.180,29.039,0.188,1.91E-07,2.10E-07,2.60E-08,true,0.054,true,1,40,,4.517,0.992,-3.671,87.243,1.171,0.983,N,N,N,N
23,A23,false,C135,P. magellanicus,UNKNOWN,FAM,NFQ-MGB,29.066,29.039,0.188,2.05E-07,2.10E-07,2.60E-08,true,0.054,true,1,40,,4.517,0.992,-3.671,87.243,1.178,0.982,N,N,N,N
24,A24,false,C135,P. magellanicus,UNKNOWN,FAM,NFQ-MGB,28.766,29.039,0.188,2.48E-07,2.10E-07,2.60E-08,true,0.054,true,1,40,,4.517,0.992,-3.671,87.243,1.181,0.978,N,N,N,N
25,B1,false,C141,P. magellanicus,UNKNOWN,FAM,NFQ-MGB,30.076,30.052,0.152,1.09E-07,1.11E-07,1.10E-08,true,0.054,true,1,40,,4.517,0.992,-3.671,87.243,1.184,0.988,N,N,N,N
26,B2,false,C141,P. magellanicus,UNKNOWN,FAM,NFQ-MGB,30.161,30.052,0.152,1.03E-07,1.11E-07,1.10E-08,true,0.054,true,1,40,,4.517,0.992,-3.671,87.243,1.177,0.990,N,N,N,N
27,B3,false,C141,P. magellanicus,UNKNOWN,FAM,NFQ-MGB,29.831,30.052,0.152,1.27E-07,1.11E-07,1.10E-08,true,0.054,true,1,40,,4.517,0.992,-3.671,87.243,1.180,0.989,N,N,N,N
28,B4,false,C141,P. magellanicus,UNKNOWN,FAM,NFQ-MGB,30.139,30.052,0.152,1.05E-07,1.11E-07,1.10E-08,true,0.054,true,1,40,,4.517,0.992,-3.671,87.243,1.180,0.984,N,N,N,N
29,B5,false,C58,P. magellanicus,UNKNOWN,FAM,NFQ-MGB,29.688,29.617,0.084,1.39E-07,1.46E-07,7.74E-09,true,0.054,true,1,40,,4.517,0.992,-3.671,87.243,1.170,0.980,N,N,N,N
30,B6,false,C58,P. magellanicus,UNKNOWN,FAM,NFQ-MGB,29.673,29.617,0.084,1.40E-07,1.46E-07,7.74E-09,true,0.054,true,1,40,,4.517,0.992,-3.671,87.243,1.173,0.986,N,N,N,N
31,B7,false,C58,P. magellanicus,UNKNOWN,FAM,NFQ-MGB,29.505,29.617,0.084,1.56E-07,1.46E-07,7.74E-09,true,0.054,true,1,40,,4.517,0.992,-3.671,87.243,1.176,0.983,N,N,N,N
32,B8,false,C58,P. magellanicus,UNKNOWN,FAM,NFQ-MGB,29.602,29.617,0.084,1.47E-07,1.46E-07,7.74E-09,true,0.054,true,1,40,,4.517,0.992,-3.671,87.243,1.178,0.984,N,N,N,N
33,B9,false,D139,P. magellanicus,UNKNOWN,FAM,NFQ-MGB,39.439,37.973,1.304,3.07E-10,9.29E-10,5.86E-10,true,0.054,true,1,40,,4.517,0.992,-3.671,87.243,0.703,0.000,Y,N,N,N
34,B10,false,D139,P. magellanicus,UNKNOWN,FAM,NFQ-MGB,Undetermined,37.973,1.304,,,,true,0.054,true,1,40,,4.517,0.992,-3.671,87.243,0.000,0.000,N,Y,N,Y
35,B11,false,D139,P. magellanicus,UNKNOWN,FAM,NFQ-MGB,36.940,37.973,1.304,1.47E-09,9.29E-10,5.86E-10,true,0.054,true,1,40,,4.517,0.992,-3.671,87.243,0.973,0.932,Y,N,N,N
36,B12,false,D139,P. magellanicus,UNKNOWN,FAM,NFQ-MGB,37.541,37.973,1.304,1.01E-09,9.29E-10,5.86E-10,true,0.054,true,1,40,,4.517,0.992,-3.671,87.243,0.912,0.885,Y,N,N,N
37,B13,false,C231,P. magellanicus,UNKNOWN,FAM,NFQ-MGB,32.813,32.873,0.241,1.96E-08,1.90E-08,2.89E-09,true,0.054,true,1,40,,4.517,0.992,-3.671,87.243,1.181,0.980,N,N,N,N
38,B14,false,C231,P. magellanicus,UNKNOWN,FAM,NFQ-MGB,33.150,32.873,0.241,1.59E-08,1.90E-08,2.89E-09,true,0.054,true,1,40,,4.517,0.992,-3.671,87.243,1.166,0.984,N,N,N,N
39,B15,false,C231,P. magellanicus,UNKNOWN,FAM,NFQ-MGB,32.577,32.873,0.241,2.27E-08,1.90E-08,2.89E-09,true,0.054,true,1,40,,4.517,0.992,-3.671,87.243,1.173,0.980,N,N,N,N
40,B16,false,C231,P. magellanicus,UNKNOWN,FAM,NFQ-MGB,32.951,32.873,0.241,1.80E-08,1.90E-08,2.89E-09,true,0.054,true,1,40,,4.517,0.992,-3.671,87.243,1.173,0.957,N,N,N,N
41,B17,false,C9,P. magellanicus,UNKNOWN,FAM,NFQ-MGB,Undetermined,,,,,,true,0.054,true,1,40,,4.517,0.992,-3.671,87.243,0.000,0.000,N,Y,N,Y
42,B18,false,C9,P. magellanicus,UNKNOWN,FAM,NFQ-MGB,Undetermined,,,,,,true,0.054,true,1,40,,4.517,0.992,-3.671,87.243,0.000,0.000,N,Y,N,Y
43,B19,false,C9,P. magellanicus,UNKNOWN,FAM,NFQ-MGB,Undetermined,,,,,,true,0.054,true,1,40,,4.517,0.992,-3.671,87.243,0.000,0.000,N,Y,N,Y
44,B20,false,C9,P. magellanicus,UNKNOWN,FAM,NFQ-MGB,Undetermined,,,,,,true,0.054,true,1,40,,4.517,0.992,-3.671,87.243,0.000,0.000,N,Y,N,Y
45,B21,false,1 e-2,P. magellanicus,STANDARD,FAM,NFQ-MGB,11.160,11.180,0.053,1.00E-02,,,true,0.054,true,1,40,,4.517,0.992,-3.671,87.243,1.178,0.750,N,N,N,N
46,B22,false,1 e-2,P. magellanicus,STANDARD,FAM,NFQ-MGB,11.115,11.180,0.053,1.00E-02,,,true,0.054,true,1,40,,4.517,0.992,-3.671,87.243,1.180,0.737,N,N,N,N
47,B23,false,1 e-2,P. magellanicus,STANDARD,FAM,NFQ-MGB,11.222,11.180,0.053,1.00E-02,,,true,0.054,true,1,40,,4.517,0.992,-3.671,87.243,1.151,0.764,N,N,N,N
48,B24,false,1 e-2,P. magellanicus,STANDARD,FAM,NFQ-MGB,11.225,11.180,0.053,1.00E-02,,,true,0.054,true,1,40,,4.517,0.992,-3.671,87.243,1.184,0.818,N,N,N,N
49,C1,false,D35,P. magellanicus,UNKNOWN,FAM,NFQ-MGB,27.763,27.647,0.102,4.65E-07,5.01E-07,3.20E-08,true,0.054,true,1,40,,4.517,0.992,-3.671,87.243,1.158,0.982,N,N,N,N
50,C2,false,D35,P. magellanicus,UNKNOWN,FAM,NFQ-MGB,27.701,27.647,0.102,4.84E-07,5.01E-07,3.20E-08,true,0.054,true,1,40,,4.517,0.992,-3.671,87.243,1.170,0.985,N,N,N,N
51,C3,false,D35,P. magellanicus,UNKNOWN,FAM,NFQ-MGB,27.545,27.647,0.102,5.33E-07,5.01E-07,3.20E-08,true,0.054,true,1,40,,4.517,0.992,-3.671,87.243,1.171,0.989,N,N,N,N
52,C4,false,D35,P. magellanicus,UNKNOWN,FAM,NFQ-MGB,27.579,27.647,0.102,5.22E-07,5.01E-07,3.20E-08,true,0.054,true,1,40,,4.517,0.992,-3.671,87.243,1.174,0.985,N,N,N,N
53,C5,false,D135,P. magellanicus,UNKNOWN,FAM,NFQ-MGB,29.730,29.787,0.183,1.35E-07,1.31E-07,1.51E-08,true,0.054,true,1,40,,4.517,0.992,-3.671,87.243,1.191,0.985,N,N,N,N
54,C6,false,D135,P. magellanicus,UNKNOWN,FAM,NFQ-MGB,29.866,29.787,0.183,1.24E-07,1.31E-07,1.51E-08,true,0.054,true,1,40,,4.517,0.992,-3.671,87.243,1.182,0.986,N,N,N,N
55,C7,false,D135,P. magellanicus,UNKNOWN,FAM,NFQ-MGB,29.990,29.787,0.183,1.15E-07,1.31E-07,1.51E-08,true,0.054,true,1,40,,4.517,0.992,-3.671,87.243,1.167,0.980,N,N,N,N
56,C8,false,D135,P. magellanicus,UNKNOWN,FAM,NFQ-MGB,29.565,29.787,0.183,1.50E-07,1.31E-07,1.51E-08,true,0.054,true,1,40,,4.517,0.992,-3.671,87.243,1.167,0.985,N,N,N,N
57,C9,false,D43,P. magellanicus,UNKNOWN,FAM,NFQ-MGB,34.717,35.016,0.523,5.94E-09,5.12E-09,1.66E-09,true,0.054,true,1,40,,4.517,0.992,-3.671,87.243,1.125,0.967,Y,N,N,N
58,C10,false,D43,P. magellanicus,UNKNOWN,FAM,NFQ-MGB,34.442,35.016,0.523,7.05E-09,5.12E-09,1.66E-09,true,0.054,true,1,40,,4.517,0.992,-3.671,87.243,1.137,0.963,Y,N,N,N
59,C11,false,D43,P. magellanicus,UNKNOWN,FAM,NFQ-MGB,35.551,35.016,0.523,3.52E-09,5.12E-09,1.66E-09,true,0.054,true,1,40,,4.517,0.992,-3.671,87.243,1.044,0.957,Y,N,N,N
60,C12,false,D43,P. magellanicus,UNKNOWN,FAM,NFQ-MGB,35.355,35.016,0.523,3.98E-09,5.12E-09,1.66E-09,true,0.054,true,1,40,,4.517,0.992,-3.671,87.243,1.063,0.959,Y,N,N,N
61,C13,false,D13,P. magellanicus,UNKNOWN,FAM,NFQ-MGB,35.788,35.567,0.422,3.03E-09,3.57E-09,9.45E-10,true,0.054,true,1,40,,4.517,0.992,-3.671,87.243,1.037,0.951,N,N,N,N
62,C14,false,D13,P. magellanicus,UNKNOWN,FAM,NFQ-MGB,36.024,35.567,0.422,2.61E-09,3.57E-09,9.45E-10,true,0.054,true,1,40,,4.517,0.992,-3.671,87.243,1.027,0.944,N,N,N,N
63,C15,false,D13,P. magellanicus,UNKNOWN,FAM,NFQ-MGB,35.379,35.567,0.422,3.92E-09,3.57E-09,9.45E-10,true,0.054,true,1,40,,4.517,0.992,-3.671,87.243,1.062,0.964,N,N,N,N
64,C16,false,D13,P. magellanicus,UNKNOWN,FAM,NFQ-MGB,35.077,35.567,0.422,4.73E-09,3.57E-09,9.45E-10,true,0.054,true,1,40,,4.517,0.992,-3.671,87.243,1.117,0.953,N,N,N,N
65,C17,false,C236,P. magellanicus,UNKNOWN,FAM,NFQ-MGB,25.739,25.707,0.078,1.66E-06,1.69E-06,8.22E-08,true,0.054,true,1,40,,4.517,0.992,-3.671,87.243,1.168,0.988,N,N,N,N
66,C18,false,C236,P. magellanicus,UNKNOWN,FAM,NFQ-MGB,25.797,25.707,0.078,1.60E-06,1.69E-06,8.22E-08,true,0.054,true,1,40,,4.517,0.992,-3.671,87.243,1.164,0.983,N,N,N,N
67,C19,false,C236,P. magellanicus,UNKNOWN,FAM,NFQ-MGB,25.675,25.707,0.078,1.72E-06,1.69E-06,8.22E-08,true,0.054,true,1,40,,4.517,0.992,-3.671,87.243,1.161,0.986,N,N,N,N
68,C20,false,C236,P. magellanicus,UNKNOWN,FAM,NFQ-MGB,25.618,25.707,0.078,1.79E-06,1.69E-06,8.22E-08,true,0.054,true,1,40,,4.517,0.992,-3.671,87.243,1.160,0.981,N,N,N,N
69,C21,false,C90,P. magellanicus,UNKNOWN,FAM,NFQ-MGB,Undetermined,,,,,,true,0.054,true,1,40,,4.517,0.992,-3.671,87.243,0.000,0.000,N,N,N,Y
70,C22,false,C90,P. magellanicus,UNKNOWN,FAM,NFQ-MGB,Undetermined,,,,,,true,0.054,true,1,40,,4.517,0.992,-3.671,87.243,0.000,0.000,N,Y,N,Y
71,C23,false,C90,P. magellanicus,UNKNOWN,FAM,NFQ-MGB,Undetermined,,,,,,true,0.054,true,1,40,,4.517,0.992,-3.671,87.243,0.000,0.000,N,Y,N,Y
72,C24,false,C90,P. magellanicus,UNKNOWN,FAM,NFQ-MGB,Undetermined,,,,,,true,0.054,true,1,40,,4.517,0.992,-3.671,87.243,0.000,0.000,N,N,N,Y
73,D1,false,C131,P. magellanicus,UNKNOWN,FAM,NFQ-MGB,24.700,24.743,0.051,3.18E-06,3.09E-06,9.85E-08,true,0.054,true,1,40,,4.517,0.992,-3.671,87.243,1.191,0.979,N,N,N,N
74,D2,false,C131,P. magellanicus,UNKNOWN,FAM,NFQ-MGB,24.739,24.743,0.051,3.10E-06,3.09E-06,9.85E-08,true,0.054,true,1,40,,4.517,0.992,-3.671,87.243,1.167,0.984,N,N,N,N
75,D3,false,C131,P. magellanicus,UNKNOWN,FAM,NFQ-MGB,24.816,24.743,0.051,2.95E-06,3.09E-06,9.85E-08,true,0.054,true,1,40,,4.517,0.992,-3.671,87.243,1.169,0.991,N,N,N,N
76,D4,false,C131,P. magellanicus,UNKNOWN,FAM,NFQ-MGB,24.717,24.743,0.051,3.14E-06,3.09E-06,9.85E-08,true,0.054,true,1,40,,4.517,0.992,-3.671,87.243,1.171,0.987,N,N,N,N
77,D5,false,C166,P. magellanicus,UNKNOWN,FAM,NFQ-MGB,37.006,36.907,1.088,1.41E-09,1.75E-09,1.18E-09,true,0.054,true,1,40,,4.517,0.992,-3.671,87.243,0.959,0.925,Y,N,N,N
78,D6,false,C166,P. magellanicus,UNKNOWN,FAM,NFQ-MGB,37.942,36.907,1.088,7.85E-10,1.75E-09,1.18E-09,true,0.054,true,1,40,,4.517,0.992,-3.671,87.243,0.801,0.484,Y,N,N,N
79,D7,false,C166,P. magellanicus,UNKNOWN,FAM,NFQ-MGB,Undetermined,36.907,1.088,,,,true,0.054,true,1,40,,4.517,0.992,-3.671,87.243,0.000,0.000,N,Y,N,Y
80,D8,false,C166,P. magellanicus,UNKNOWN,FAM,NFQ-MGB,35.772,36.907,1.088,3.06E-09,1.75E-09,1.18E-09,true,0.054,true,1,40,,4.517,0.992,-3.671,87.243,1.032,0.949,Y,N,N,N
81,D9,false,D149,P. magellanicus,UNKNOWN,FAM,NFQ-MGB,30.128,30.101,0.313,1.06E-07,1.09E-07,2.09E-08,true,0.054,true,1,40,,4.517,0.992,-3.671,87.243,1.172,0.985,N,N,N,N
82,D10,false,D149,P. magellanicus,UNKNOWN,FAM,NFQ-MGB,30.026,30.101,0.313,1.12E-07,1.09E-07,2.09E-08,true,0.054,true,1,40,,4.517,0.992,-3.671,87.243,1.161,0.987,N,N,N,N
83,D11,false,D149,P. magellanicus,UNKNOWN,FAM,NFQ-MGB,30.503,30.101,0.313,8.34E-08,1.09E-07,2.09E-08,true,0.054,true,1,40,,4.517,0.992,-3.671,87.243,1.173,0.979,N,N,N,N
84,D12,false,D149,P. magellanicus,UNKNOWN,FAM,NFQ-MGB,29.745,30.101,0.313,1.34E-07,1.09E-07,2.09E-08,true,0.054,true,1,40,,4.517,0.992,-3.671,87.243,1.163,0.970,N,N,N,N
85,D13,false,C119,P. magellanicus,UNKNOWN,FAM,NFQ-MGB,36.511,36.919,0.577,1.93E-09,1.54E-09,5.46E-10,true,0.054,true,1,40,,4.517,0.992,-3.671,87.243,0.998,0.936,Y,N,N,N
86,D14,false,C119,P. magellanicus,UNKNOWN,FAM,NFQ-MGB,Undetermined,36.919,0.577,,,,true,0.054,true,1,40,,4.517,0.992,-3.671,87.243,0.000,0.000,N,Y,N,Y
87,D15,false,C119,P. magellanicus,UNKNOWN,FAM,NFQ-MGB,37.327,36.919,0.577,1.15E-09,1.54E-09,5.46E-10,true,0.054,true,1,40,,4.517,0.992,-3.671,87.243,0.928,0.900,Y,N,N,N
88,D16,false,C119,P. magellanicus,UNKNOWN,FAM,NFQ-MGB,Undetermined,36.919,0.577,,,,true,0.054,true,1,40,,4.517,0.992,-3.671,87.243,0.000,0.000,N,Y,N,Y
89,D17,false,C62,P. magellanicus,UNKNOWN,FAM,NFQ-MGB,Undetermined,39.101,0.771,,,,true,0.054,true,1,40,,4.517,0.992,-3.671,87.243,0.000,0.000,N,Y,N,Y
90,D18,false,C62,P. magellanicus,UNKNOWN,FAM,NFQ-MGB,Undetermined,39.101,0.771,,,,true,0.054,true,1,40,,4.517,0.992,-3.671,87.243,0.000,0.000,N,Y,N,Y
91,D19,false,C62,P. magellanicus,UNKNOWN,FAM,NFQ-MGB,38.556,39.101,0.771,5.34E-10,4.02E-10,1.87E-10,true,0.054,true,1,40,,4.517,0.992,-3.671,87.243,0.781,0.429,Y,N,N,N
92,D20,false,C62,P. magellanicus,UNKNOWN,FAM,NFQ-MGB,39.646,39.101,0.771,2.70E-10,4.02E-10,1.87E-10,true,0.054,true,1,40,,4.517,0.992,-3.671,87.243,0.669,0.000,Y,N,N,N
93,D21,false,1 e-3,P. magellanicus,STANDARD,FAM,NFQ-MGB,15.306,15.164,0.192,1.00E-03,,,true,0.054,true,1,40,,4.517,0.992,-3.671,87.243,1.179,0.809,N,N,N,N
94,D22,false,1 e-3,P. magellanicus,STANDARD,FAM,NFQ-MGB,15.350,15.164,0.192,1.00E-03,,,true,0.054,true,1,40,,4.517,0.992,-3.671,87.243,1.176,0.824,N,N,N,N
95,D23,false,1 e-3,P. magellanicus,STANDARD,FAM,NFQ-MGB,15.036,15.164,0.192,1.00E-03,,,true,0.054,true,1,40,,4.517,0.992,-3.671,87.243,1.176,0.781,N,N,N,N
96,D24,false,1 e-3,P. magellanicus,STANDARD,FAM,NFQ-MGB,14.965,15.164,0.192,1.00E-03,,,true,0.054,true,1,40,,4.517,0.992,-3.671,87.243,1.169,0.773,N,N,N,N
97,E1,false,D120,P. magellanicus,UNKNOWN,FAM,NFQ-MGB,26.984,26.773,0.168,7.58E-07,8.69E-07,9.07E-08,true,0.054,true,1,40,,4.517,0.992,-3.671,87.243,1.156,0.992,N,N,N,N
98,E2,false,D120,P. magellanicus,UNKNOWN,FAM,NFQ-MGB,26.816,26.773,0.168,8.42E-07,8.69E-07,9.07E-08,true,0.054,true,1,40,,4.517,0.992,-3.671,87.243,1.168,0.985,N,N,N,N
99,E3,false,D120,P. magellanicus,UNKNOWN,FAM,NFQ-MGB,26.701,26.773,0.168,9.06E-07,8.69E-07,9.07E-08,true,0.054,true,1,40,,4.517,0.992,-3.671,87.243,1.167,0.990,N,N,N,N
100,E4,false,D120,P. magellanicus,UNKNOWN,FAM,NFQ-MGB,26.591,26.773,0.168,9.71E-07,8.69E-07,9.07E-08,true,0.054,true,1,40,,4.517,0.992,-3.671,87.243,1.172,0.987,N,N,N,N
101,E5,false,D110,P. magellanicus,UNKNOWN,FAM,NFQ-MGB,Undetermined,37.846,,,,,true,0.054,true,1,40,,4.517,0.992,-3.671,87.243,0.000,0.000,N,Y,N,Y
102,E6,false,D110,P. magellanicus,UNKNOWN,FAM,NFQ-MGB,37.846,37.846,,8.34E-10,8.34E-10,,true,0.054,true,1,40,,4.517,0.992,-3.671,87.243,0.870,0.850,N,N,N,N
103,E7,false,D110,P. magellanicus,UNKNOWN,FAM,NFQ-MGB,Undetermined,37.846,,,,,true,0.054,true,1,40,,4.517,0.992,-3.671,87.243,0.000,0.000,N,Y,N,Y
104,E8,false,D110,P. magellanicus,UNKNOWN,FAM,NFQ-MGB,Undetermined,37.846,,,,,true,0.054,true,1,40,,4.517,0.992,-3.671,87.243,0.000,0.000,N,Y,N,Y
105,E9,false,C187,P. magellanicus,UNKNOWN,FAM,NFQ-MGB,34.586,35.737,0.883,6.44E-09,3.52E-09,2.05E-09,true,0.054,true,1,40,,4.517,0.992,-3.671,87.243,1.136,0.956,Y,N,N,N
106,E10,false,C187,P. magellanicus,UNKNOWN,FAM,NFQ-MGB,35.961,35.737,0.883,2.72E-09,3.52E-09,2.05E-09,true,0.054,true,1,40,,4.517,0.992,-3.671,87.243,1.030,0.951,Y,N,N,N
107,E11,false,C187,P. magellanicus,UNKNOWN,FAM,NFQ-MGB,35.684,35.737,0.883,3.24E-09,3.52E-09,2.05E-09,true,0.054,true,1,40,,4.517,0.992,-3.671,87.243,1.045,0.949,Y,N,N,N
108,E12,false,C187,P. magellanicus,UNKNOWN,FAM,NFQ-MGB,36.717,35.737,0.883,1.69E-09,3.52E-09,2.05E-09,true,0.054,true,1,40,,4.517,0.992,-3.671,87.243,0.975,0.919,Y,N,N,N
109,E13,false,C232,P. magellanicus,UNKNOWN,FAM,NFQ-MGB,29.884,29.857,0.112,1.23E-07,1.25E-07,8.69E-09,true,0.054,true,1,40,,4.517,0.992,-3.671,87.243,1.159,0.985,N,N,N,N
110,E14,false,C232,P. magellanicus,UNKNOWN,FAM,NFQ-MGB,29.810,29.857,0.112,1.29E-07,1.25E-07,8.69E-09,true,0.054,true,1,40,,4.517,0.992,-3.671,87.243,1.164,0.980,N,N,N,N
111,E15,false,C232,P. magellanicus,UNKNOWN,FAM,NFQ-MGB,29.738,29.857,0.112,1.35E-07,1.25E-07,8.69E-09,true,0.054,true,1,40,,4.517,0.992,-3.671,87.243,1.167,0.986,N,N,N,N
112,E16,false,C232,P. magellanicus,UNKNOWN,FAM,NFQ-MGB,29.999,29.857,0.112,1.14E-07,1.25E-07,8.69E-09,true,0.054,true,1,40,,4.517,0.992,-3.671,87.243,1.163,0.956,N,N,N,N
113,E17,false,C171,P. magellanicus,UNKNOWN,FAM,NFQ-MGB,29.832,29.628,0.187,1.27E-07,1.45E-07,1.69E-08,true,0.054,true,1,40,,4.517,0.992,-3.671,87.243,1.154,0.985,N,N,N,N
114,E18,false,C171,P. magellanicus,UNKNOWN,FAM,NFQ-MGB,29.740,29.628,0.187,1.35E-07,1.45E-07,1.69E-08,true,0.054,true,1,40,,4.517,0.992,-3.671,87.243,1.154,0.989,N,N,N,N
115,E19,false,C171,P. magellanicus,UNKNOWN,FAM,NFQ-MGB,29.471,29.628,0.187,1.59E-07,1.45E-07,1.69E-08,true,0.054,true,1,40,,4.517,0.992,-3.671,87.243,1.158,0.983,N,N,N,N
116,E20,false,C171,P. magellanicus,UNKNOWN,FAM,NFQ-MGB,29.467,29.628,0.187,1.60E-07,1.45E-07,1.69E-08,true,0.054,true,1,40,,4.517,0.992,-3.671,87.243,1.157,0.968,N,N,N,N
117,E21,false,D174,P. magellanicus,UNKNOWN,FAM,NFQ-MGB,28.057,28.009,0.087,3.87E-07,3.99E-07,2.22E-08,true,0.054,true,1,40,,4.517,0.992,-3.671,87.243,1.163,0.979,N,N,N,N
118,E22,false,D174,P. magellanicus,UNKNOWN,FAM,NFQ-MGB,27.889,28.009,0.087,4.30E-07,3.99E-07,2.22E-08,true,0.054,true,1,40,,4.517,0.992,-3.671,87.243,1.168,0.979,N,N,N,N
119,E23,false,D174,P. magellanicus,UNKNOWN,FAM,NFQ-MGB,28.004,28.009,0.087,4.00E-07,3.99E-07,2.22E-08,true,0.054,true,1,40,,4.517,0.992,-3.671,87.243,1.162,0.980,N,N,N,N
120,E24,false,D174,P. magellanicus,UNKNOWN,FAM,NFQ-MGB,28.088,28.009,0.087,3.79E-07,3.99E-07,2.22E-08,true,0.054,true,1,40,,4.517,0.992,-3.671,87.243,1.164,0.984,N,N,N,N
121,F1,false,C182,P. magellanicus,UNKNOWN,FAM,NFQ-MGB,30.234,29.664,0.385,9.87E-08,1.44E-07,3.08E-08,true,0.054,true,1,40,,4.517,0.992,-3.671,87.243,1.174,0.987,N,N,Y,N
122,F2,false,C182,P. magellanicus,UNKNOWN,FAM,NFQ-MGB,29.520,29.664,0.385,1.55E-07,1.44E-07,3.08E-08,true,0.054,true,1,40,,4.517,0.992,-3.671,87.243,1.166,0.983,N,N,N,N
123,F3,false,C182,P. magellanicus,UNKNOWN,FAM,NFQ-MGB,29.513,29.664,0.385,1.55E-07,1.44E-07,3.08E-08,true,0.054,true,1,40,,4.517,0.992,-3.671,87.243,1.171,0.987,N,N,N,N
124,F4,false,C182,P. magellanicus,UNKNOWN,FAM,NFQ-MGB,29.389,29.664,0.385,1.68E-07,1.44E-07,3.08E-08,true,0.054,true,1,40,,4.517,0.992,-3.671,87.243,1.160,0.987,N,N,N,N
125,F5,false,D160,P. magellanicus,UNKNOWN,FAM,NFQ-MGB,37.438,38.257,0.987,1.08E-09,7.31E-10,3.76E-10,true,0.054,true,1,40,,4.517,0.992,-3.671,87.243,0.931,0.896,Y,N,N,N
126,F6,false,D160,P. magellanicus,UNKNOWN,FAM,NFQ-MGB,37.545,38.257,0.987,1.01E-09,7.31E-10,3.76E-10,true,0.054,true,1,40,,4.517,0.992,-3.671,87.243,0.912,0.910,Y,N,N,N
127,F7,false,D160,P. magellanicus,UNKNOWN,FAM,NFQ-MGB,39.557,38.257,0.987,2.85E-10,7.31E-10,3.76E-10,true,0.054,true,1,40,,4.517,0.992,-3.671,87.243,0.683,0.000,Y,N,N,N
128,F8,false,D160,P. magellanicus,UNKNOWN,FAM,NFQ-MGB,38.488,38.257,0.987,5.57E-10,7.31E-10,3.76E-10,true,0.054,true,1,40,,4.517,0.992,-3.671,87.243,0.798,0.564,Y,N,N,N
129,F9,false,D67,P. magellanicus,UNKNOWN,FAM,NFQ-MGB,35.991,35.903,0.653,2.67E-09,3.02E-09,1.42E-09,true,0.054,true,1,40,,4.517,0.992,-3.671,87.243,1.024,0.953,Y,N,N,N
130,F10,false,D67,P. magellanicus,UNKNOWN,FAM,NFQ-MGB,36.337,35.903,0.653,2.15E-09,3.02E-09,1.42E-09,true,0.054,true,1,40,,4.517,0.992,-3.671,87.243,1.015,0.908,Y,N,N,N
131,F11,false,D67,P. magellanicus,UNKNOWN,FAM,NFQ-MGB,34.954,35.903,0.653,5.11E-09,3.02E-09,1.42E-09,true,0.054,true,1,40,,4.517,0.992,-3.671,87.243,1.119,0.974,Y,N,N,N
132,F12,false,D67,P. magellanicus,UNKNOWN,FAM,NFQ-MGB,36.332,35.903,0.653,2.15E-09,3.02E-09,1.42E-09,true,0.054,true,1,40,,4.517,0.992,-3.671,87.243,1.011,0.937,Y,N,N,N
133,F13,false,C241,P. magellanicus,UNKNOWN,FAM,NFQ-MGB,38.494,38.042,0.639,5.55E-10,7.67E-10,3.00E-10,true,0.054,true,1,40,,4.517,0.992,-3.671,87.243,0.802,0.521,Y,N,N,N
134,F14,false,C241,P. magellanicus,UNKNOWN,FAM,NFQ-MGB,37.590,38.042,0.639,9.79E-10,7.67E-10,3.00E-10,true,0.054,true,1,40,,4.517,0.992,-3.671,87.243,0.907,0.855,Y,N,N,N
135,F15,false,C241,P. magellanicus,UNKNOWN,FAM,NFQ-MGB,Undetermined,38.042,0.639,,,,true,0.054,true,1,40,,4.517,0.992,-3.671,87.243,0.000,0.000,N,Y,N,Y
136,F16,false,C241,P. magellanicus,UNKNOWN,FAM,NFQ-MGB,Undetermined,38.042,0.639,,,,true,0.054,true,1,40,,4.517,0.992,-3.671,87.243,0.000,0.000,N,N,N,Y
137,F17,false,C72,P. magellanicus,UNKNOWN,FAM,NFQ-MGB,30.569,30.296,0.227,8.00E-08,9.57E-08,1.35E-08,true,0.054,true,1,40,,4.517,0.992,-3.671,87.243,1.144,0.969,N,N,N,N
138,F18,false,C72,P. magellanicus,UNKNOWN,FAM,NFQ-MGB,30.361,30.296,0.227,9.12E-08,9.57E-08,1.35E-08,true,0.054,true,1,40,,4.517,0.992,-3.671,87.243,1.130,0.979,N,N,N,N
139,F19,false,C72,P. magellanicus,UNKNOWN,FAM,NFQ-MGB,30.032,30.296,0.227,1.12E-07,9.57E-08,1.35E-08,true,0.054,true,1,40,,4.517,0.992,-3.671,87.243,1.141,0.979,N,N,N,N
140,F20,false,C72,P. magellanicus,UNKNOWN,FAM,NFQ-MGB,30.222,30.296,0.227,9.95E-08,9.57E-08,1.35E-08,true,0.054,true,1,40,,4.517,0.992,-3.671,87.243,1.157,0.971,N,N,N,N
141,F21,false,1 e-4,P. magellanicus,STANDARD,FAM,NFQ-MGB,19.822,19.610,0.298,1.00E-04,,,true,0.054,true,1,40,,4.517,0.992,-3.671,87.243,1.163,0.863,N,N,N,N
142,F22,false,1 e-4,P. magellanicus,STANDARD,FAM,NFQ-MGB,19.310,19.610,0.298,1.00E-04,,,true,0.054,true,1,40,,4.517,0.992,-3.671,87.243,1.167,0.802,N,N,N,N
143,F23,false,1 e-4,P. magellanicus,STANDARD,FAM,NFQ-MGB,19.401,19.610,0.298,1.00E-04,,,true,0.054,true,1,40,,4.517,0.992,-3.671,87.243,1.175,0.878,N,N,N,N
144,F24,false,1 e-4,P. magellanicus,STANDARD,FAM,NFQ-MGB,19.906,19.610,0.298,1.00E-04,,,true,0.054,true,1,40,,4.517,0.992,-3.671,87.243,1.167,0.887,N,N,N,N
145,G1,false,D78,P. magellanicus,UNKNOWN,FAM,NFQ-MGB,29.589,29.160,0.287,1.48E-07,1.96E-07,3.21E-08,true,0.054,true,1,40,,4.517,0.992,-3.671,87.243,1.162,0.983,N,N,Y,N
146,G2,false,D78,P. magellanicus,UNKNOWN,FAM,NFQ-MGB,28.986,29.160,0.287,2.16E-07,1.96E-07,3.21E-08,true,0.054,true,1,40,,4.517,0.992,-3.671,87.243,1.177,0.987,N,N,N,N
147,G3,false,D78,P. magellanicus,UNKNOWN,FAM,NFQ-MGB,29.053,29.160,0.287,2.07E-07,1.96E-07,3.21E-08,true,0.054,true,1,40,,4.517,0.992,-3.671,87.243,1.160,0.981,N,N,N,N
148,G4,false,D78,P. magellanicus,UNKNOWN,FAM,NFQ-MGB,29.012,29.160,0.287,2.12E-07,1.96E-07,3.21E-08,true,0.054,true,1,40,,4.517,0.992,-3.671,87.243,1.174,0.982,N,N,N,N
149,G5,false,C194,P. magellanicus,UNKNOWN,FAM,NFQ-MGB,36.281,35.867,0.419,2.23E-09,2.96E-09,8.32E-10,true,0.054,true,1,40,,4.517,0.992,-3.671,87.243,1.007,0.934,N,N,N,N
150,G6,false,C194,P. magellanicus,UNKNOWN,FAM,NFQ-MGB,35.985,35.867,0.419,2.68E-09,2.96E-09,8.32E-10,true,0.054,true,1,40,,4.517,0.992,-3.671,87.243,1.019,0.962,N,N,N,N
151,G7,false,C194,P. magellanicus,UNKNOWN,FAM,NFQ-MGB,35.285,35.867,0.419,4.16E-09,2.96E-09,8.32E-10,true,0.054,true,1,40,,4.517,0.992,-3.671,87.243,1.106,0.953,N,N,N,N
152,G8,false,C194,P. magellanicus,UNKNOWN,FAM,NFQ-MGB,35.917,35.867,0.419,2.79E-09,2.96E-09,8.32E-10,true,0.054,true,1,40,,4.517,0.992,-3.671,87.243,1.023,0.949,N,N,N,N
153,G9,false,C216,P. magellanicus,UNKNOWN,FAM,NFQ-MGB,33.133,32.488,0.460,1.60E-08,2.47E-08,6.51E-09,true,0.054,true,1,40,,4.517,0.992,-3.671,87.243,1.159,0.980,N,N,N,N
154,G10,false,C216,P. magellanicus,UNKNOWN,FAM,NFQ-MGB,32.436,32.488,0.460,2.48E-08,2.47E-08,6.51E-09,true,0.054,true,1,40,,4.517,0.992,-3.671,87.243,1.163,0.976,N,N,N,N
155,G11,false,C216,P. magellanicus,UNKNOWN,FAM,NFQ-MGB,32.340,32.488,0.460,2.64E-08,2.47E-08,6.51E-09,true,0.054,true,1,40,,4.517,0.992,-3.671,87.243,1.160,0.983,N,N,N,N
156,G12,false,C216,P. magellanicus,UNKNOWN,FAM,NFQ-MGB,32.045,32.488,0.460,3.17E-08,2.47E-08,6.51E-09,true,0.054,true,1,40,,4.517,0.992,-3.671,87.243,1.165,0.962,N,N,N,N
157,G13,false,C64,P. magellanicus,UNKNOWN,FAM,NFQ-MGB,33.864,34.298,0.527,1.01E-08,8.01E-09,2.30E-09,true,0.054,true,1,40,,4.517,0.992,-3.671,87.243,1.136,0.962,Y,N,N,N
158,G14,false,C64,P. magellanicus,UNKNOWN,FAM,NFQ-MGB,34.060,34.298,0.527,8.96E-09,8.01E-09,2.30E-09,true,0.054,true,1,40,,4.517,0.992,-3.671,87.243,1.144,0.934,Y,N,N,N
159,G15,false,C64,P. magellanicus,UNKNOWN,FAM,NFQ-MGB,35.060,34.298,0.527,4.79E-09,8.01E-09,2.30E-09,true,0.054,true,1,40,,4.517,0.992,-3.671,87.243,1.111,0.911,Y,N,N,N
160,G16,false,C64,P. magellanicus,UNKNOWN,FAM,NFQ-MGB,34.209,34.298,0.527,8.16E-09,8.01E-09,2.30E-09,true,0.054,true,1,40,,4.517,0.992,-3.671,87.243,1.122,0.947,Y,N,N,N
161,G17,false,D104,P. magellanicus,UNKNOWN,FAM,NFQ-MGB,Undetermined,,,,,,true,0.054,true,1,40,,4.517,0.992,-3.671,87.243,0.000,0.000,N,Y,N,Y
162,G18,false,D104,P. magellanicus,UNKNOWN,FAM,NFQ-MGB,Undetermined,,,,,,true,0.054,true,1,40,,4.517,0.992,-3.671,87.243,0.000,0.000,N,Y,N,Y
163,G19,false,D104,P. magellanicus,UNKNOWN,FAM,NFQ-MGB,Undetermined,,,,,,true,0.054,true,1,40,,4.517,0.992,-3.671,87.243,0.000,0.000,N,Y,N,Y
164,G20,false,D104,P. magellanicus,UNKNOWN,FAM,NFQ-MGB,Undetermined,,,,,,true,0.054,true,1,40,,4.517,0.992,-3.671,87.243,0.000,0.000,N,Y,N,Y
165,G21,false,D136,P. magellanicus,UNKNOWN,FAM,NFQ-MGB,31.582,31.567,0.067,4.24E-08,4.28E-08,1.81E-09,true,0.054,true,1,40,,4.517,0.992,-3.671,87.243,1.151,0.976,N,N,N,N
166,G22,false,D136,P. magellanicus,UNKNOWN,FAM,NFQ-MGB,31.478,31.567,0.067,4.52E-08,4.28E-08,1.81E-09,true,0.054,true,1,40,,4.517,0.992,-3.671,87.243,1.157,0.974,N,N,N,N
167,G23,false,D136,P. magellanicus,UNKNOWN,FAM,NFQ-MGB,31.569,31.567,0.067,4.27E-08,4.28E-08,1.81E-09,true,0.054,true,1,40,,4.517,0.992,-3.671,87.243,1.152,0.974,N,N,N,N
168,G24,false,D136,P. magellanicus,UNKNOWN,FAM,NFQ-MGB,31.639,31.567,0.067,4.09E-08,4.28E-08,1.81E-09,true,0.054,true,1,40,,4.517,0.992,-3.671,87.243,1.155,0.971,N,N,N,N
169,H1,false,D28,P. magellanicus,UNKNOWN,FAM,NFQ-MGB,30.577,30.057,0.362,7.96E-08,1.12E-07,2.32E-08,true,0.054,true,1,40,,4.517,0.992,-3.671,87.243,1.159,0.986,N,N,N,N
170,H2,false,D28,P. magellanicus,UNKNOWN,FAM,NFQ-MGB,30.029,30.057,0.362,1.12E-07,1.12E-07,2.32E-08,true,0.054,true,1,40,,4.517,0.992,-3.671,87.243,1.151,0.978,N,N,N,N
171,H3,false,D28,P. magellanicus,UNKNOWN,FAM,NFQ-MGB,29.832,30.057,0.362,1.27E-07,1.12E-07,2.32E-08,true,0.054,true,1,40,,4.517,0.992,-3.671,87.243,1.160,0.981,N,N,N,N
172,H4,false,D28,P. magellanicus,UNKNOWN,FAM,NFQ-MGB,29.792,30.057,0.362,1.30E-07,1.12E-07,2.32E-08,true,0.054,true,1,40,,4.517,0.992,-3.671,87.243,1.152,0.986,N,N,N,N
173,H5,false,C151,P. magellanicus,UNKNOWN,FAM,NFQ-MGB,25.412,25.437,0.080,2.03E-06,2.00E-06,9.85E-08,true,0.054,true,1,40,,4.517,0.992,-3.671,87.243,1.166,0.989,N,N,N,N
174,H6,false,C151,P. magellanicus,UNKNOWN,FAM,NFQ-MGB,25.411,25.437,0.080,2.03E-06,2.00E-06,9.85E-08,true,0.054,true,1,40,,4.517,0.992,-3.671,87.243,1.164,0.986,N,N,N,N
175,H7,false,C151,P. magellanicus,UNKNOWN,FAM,NFQ-MGB,25.372,25.437,0.080,2.08E-06,2.00E-06,9.85E-08,true,0.054,true,1,40,,4.517,0.992,-3.671,87.243,1.167,0.990,N,N,N,N
176,H8,false,C151,P. magellanicus,UNKNOWN,FAM,NFQ-MGB,25.554,25.437,0.080,1.86E-06,2.00E-06,9.85E-08,true,0.054,true,1,40,,4.517,0.992,-3.671,87.243,1.164,0.991,N,N,N,N
177,H9,false,C202,P. magellanicus,UNKNOWN,FAM,NFQ-MGB,29.046,29.095,0.100,2.08E-07,2.02E-07,1.22E-08,true,0.054,true,1,40,,4.517,0.992,-3.671,87.243,1.167,0.982,N,N,N,N
178,H10,false,C202,P. magellanicus,UNKNOWN,FAM,NFQ-MGB,29.045,29.095,0.100,2.08E-07,2.02E-07,1.22E-08,true,0.054,true,1,40,,4.517,0.992,-3.671,87.243,1.167,0.983,N,N,N,N
179,H11,false,C202,P. magellanicus,UNKNOWN,FAM,NFQ-MGB,29.045,29.095,0.100,2.08E-07,2.02E-07,1.22E-08,true,0.054,true,1,40,,4.517,0.992,-3.671,87.243,1.166,0.984,N,N,N,N
180,H12,false,C202,P. magellanicus,UNKNOWN,FAM,NFQ-MGB,29.245,29.095,0.100,1.84E-07,2.02E-07,1.22E-08,true,0.054,true,1,40,,4.517,0.992,-3.671,87.243,1.166,0.970,N,N,N,N
181,H13,false,C189,P. magellanicus,UNKNOWN,FAM,NFQ-MGB,32.485,32.351,0.152,2.41E-08,2.63E-08,2.51E-09,true,0.054,true,1,40,,4.517,0.992,-3.671,87.243,1.157,0.984,N,N,N,N
182,H14,false,C189,P. magellanicus,UNKNOWN,FAM,NFQ-MGB,32.251,32.351,0.152,2.79E-08,2.63E-08,2.51E-09,true,0.054,true,1,40,,4.517,0.992,-3.671,87.243,1.160,0.975,N,N,N,N
183,H15,false,C189,P. magellanicus,UNKNOWN,FAM,NFQ-MGB,32.477,32.351,0.152,2.42E-08,2.63E-08,2.51E-09,true,0.054,true,1,40,,4.517,0.992,-3.671,87.243,1.156,0.977,N,N,N,N
184,H16,false,C189,P. magellanicus,UNKNOWN,FAM,NFQ-MGB,32.191,32.351,0.152,2.89E-08,2.63E-08,2.51E-09,true,0.054,true,1,40,,4.517,0.992,-3.671,87.243,1.148,0.970,N,N,N,N
185,H17,false,D34,P. magellanicus,UNKNOWN,FAM,NFQ-MGB,29.322,29.176,0.342,1.75E-07,1.95E-07,4.04E-08,true,0.054,true,1,40,,4.517,0.992,-3.671,87.243,1.132,0.979,N,N,N,N
186,H18,false,D34,P. magellanicus,UNKNOWN,FAM,NFQ-MGB,28.879,29.176,0.342,2.31E-07,1.95E-07,4.04E-08,true,0.054,true,1,40,,4.517,0.992,-3.671,87.243,1.140,0.977,N,N,N,N
187,H19,false,D34,P. magellanicus,UNKNOWN,FAM,NFQ-MGB,29.590,29.176,0.342,1.48E-07,1.95E-07,4.04E-08,true,0.054,true,1,40,,4.517,0.992,-3.671,87.243,1.137,0.910,N,N,N,N
188,H20,false,D34,P. magellanicus,UNKNOWN,FAM,NFQ-MGB,28.913,29.176,0.342,2.26E-07,1.95E-07,4.04E-08,true,0.054,true,1,40,,4.517,0.992,-3.671,87.243,1.145,0.980,N,N,N,N
189,H21,false,1 e-5,P. magellanicus,STANDARD,FAM,NFQ-MGB,23.684,23.612,0.270,1.00E-05,,,true,0.054,true,1,40,,4.517,0.992,-3.671,87.243,1.163,0.961,N,N,N,N
190,H22,false,1 e-5,P. magellanicus,STANDARD,FAM,NFQ-MGB,23.526,23.612,0.270,1.00E-05,,,true,0.054,true,1,40,,4.517,0.992,-3.671,87.243,1.172,0.940,N,N,N,N
191,H23,false,1 e-5,P. magellanicus,STANDARD,FAM,NFQ-MGB,23.299,23.612,0.270,1.00E-05,,,true,0.054,true,1,40,,4.517,0.992,-3.671,87.243,1.171,0.940,N,N,N,N
192,H24,false,1 e-5,P. magellanicus,STANDARD,FAM,NFQ-MGB,23.940,23.612,0.270,1.00E-05,,,true,0.054,true,1,40,,4.517,0.992,-3.671,87.243,1.022,0.982,N,N,N,N
193,I1,false,D4,P. magellanicus,UNKNOWN,FAM,NFQ-MGB,Undetermined,,,,,,true,0.054,true,1,40,,4.517,0.992,-3.671,87.243,0.000,0.000,N,Y,N,Y
194,I2,false,D4,P. magellanicus,UNKNOWN,FAM,NFQ-MGB,Undetermined,,,,,,true,0.054,true,1,40,,4.517,0.992,-3.671,87.243,0.000,0.000,N,Y,N,Y
195,I3,false,D4,P. magellanicus,UNKNOWN,FAM,NFQ-MGB,Undetermined,,,,,,true,0.054,true,1,40,,4.517,0.992,-3.671,87.243,0.000,0.000,N,Y,N,Y
196,I4,false,D4,P. magellanicus,UNKNOWN,FAM,NFQ-MGB,Undetermined,,,,,,true,0.054,true,1,40,,4.517,0.992,-3.671,87.243,0.000,0.000,N,Y,N,Y
197,I5,false,C8,P. magellanicus,UNKNOWN,FAM,NFQ-MGB,32.486,32.575,0.074,2.40E-08,2.28E-08,1.06E-09,true,0.054,true,1,40,,4.517,0.992,-3.671,87.243,1.165,0.967,N,N,N,N
198,I6,false,C8,P. magellanicus,UNKNOWN,FAM,NFQ-MGB,32.543,32.575,0.074,2.32E-08,2.28E-08,1.06E-09,true,0.054,true,1,40,,4.517,0.992,-3.671,87.243,1.161,0.973,N,N,N,N
199,I7,false,C8,P. magellanicus,UNKNOWN,FAM,NFQ-MGB,32.638,32.575,0.074,2.19E-08,2.28E-08,1.06E-09,true,0.054,true,1,40,,4.517,0.992,-3.671,87.243,1.158,0.981,N,N,N,N
200,I8,false,C8,P. magellanicus,UNKNOWN,FAM,NFQ-MGB,32.634,32.575,0.074,2.19E-08,2.28E-08,1.06E-09,true,0.054,true,1,40,,4.517,0.992,-3.671,87.243,1.152,0.978,N,N,N,N
201,I9,false,D55,P. magellanicus,UNKNOWN,FAM,NFQ-MGB,36.877,37.445,1.319,1.53E-09,1.30E-09,7.22E-10,true,0.054,true,1,40,,4.517,0.992,-3.671,87.243,0.971,0.917,Y,N,N,N
202,I10,false,D55,P. magellanicus,UNKNOWN,FAM,NFQ-MGB,37.109,37.445,1.319,1.32E-09,1.30E-09,7.22E-10,true,0.054,true,1,40,,4.517,0.992,-3.671,87.243,0.943,0.902,Y,N,N,N
203,I11,false,D55,P. magellanicus,UNKNOWN,FAM,NFQ-MGB,36.418,37.445,1.319,2.04E-09,1.30E-09,7.22E-10,true,0.054,true,1,40,,4.517,0.992,-3.671,87.243,0.984,0.947,Y,N,N,N
204,I12,false,D55,P. magellanicus,UNKNOWN,FAM,NFQ-MGB,39.377,37.445,1.319,3.19E-10,1.30E-09,7.22E-10,true,0.054,true,1,40,,4.517,0.992,-3.671,87.243,0.693,0.000,Y,N,N,N
205,I13,false,C252,P. magellanicus,UNKNOWN,FAM,NFQ-MGB,37.568,37.243,0.420,9.92E-10,1.25E-09,3.65E-10,true,0.054,true,1,40,,4.517,0.992,-3.671,87.243,0.904,0.896,N,N,N,N
206,I14,false,C252,P. magellanicus,UNKNOWN,FAM,NFQ-MGB,36.625,37.243,0.420,1.79E-09,1.25E-09,3.65E-10,true,0.054,true,1,40,,4.517,0.992,-3.671,87.243,0.987,0.907,N,N,N,N
207,I15,false,C252,P. magellanicus,UNKNOWN,FAM,NFQ-MGB,37.399,37.243,0.420,1.10E-09,1.25E-09,3.65E-10,true,0.054,true,1,40,,4.517,0.992,-3.671,87.243,0.902,0.912,N,N,N,N
208,I16,false,C252,P. magellanicus,UNKNOWN,FAM,NFQ-MGB,37.378,37.243,0.420,1.12E-09,1.25E-09,3.65E-10,true,0.054,true,1,40,,4.517,0.992,-3.671,87.243,0.903,0.900,N,N,N,N
209,I17,false,C18,P. magellanicus,UNKNOWN,FAM,NFQ-MGB,Undetermined,38.325,,,,,true,0.054,true,1,40,,4.517,0.992,-3.671,87.243,0.000,0.000,N,Y,N,Y
210,I18,false,C18,P. magellanicus,UNKNOWN,FAM,NFQ-MGB,Undetermined,38.325,,,,,true,0.054,true,1,40,,4.517,0.992,-3.671,87.243,0.000,0.000,N,Y,N,Y
211,I19,false,C18,P. magellanicus,UNKNOWN,FAM,NFQ-MGB,Undetermined,38.325,,,,,true,0.054,true,1,40,,4.517,0.992,-3.671,87.243,0.000,0.000,N,N,N,Y
212,I20,false,C18,P. magellanicus,UNKNOWN,FAM,NFQ-MGB,38.325,38.325,,6.17E-10,6.17E-10,,true,0.054,true,1,40,,4.517,0.992,-3.671,87.243,0.788,0.483,N,N,N,N
213,I21,false,C27,P. magellanicus,UNKNOWN,FAM,NFQ-MGB,25.501,25.700,0.431,1.92E-06,1.74E-06,4.08E-07,true,0.054,true,1,40,,4.517,0.992,-3.671,87.243,1.160,0.988,N,N,N,N
214,I22,false,C27,P. magellanicus,UNKNOWN,FAM,NFQ-MGB,25.429,25.700,0.431,2.01E-06,1.74E-06,4.08E-07,true,0.054,true,1,40,,4.517,0.992,-3.671,87.243,1.160,0.987,N,N,N,N
215,I23,false,C27,P. magellanicus,UNKNOWN,FAM,NFQ-MGB,25.526,25.700,0.431,1.89E-06,1.74E-06,4.08E-07,true,0.054,true,1,40,,4.517,0.992,-3.671,87.243,1.159,0.984,N,N,N,N
216,I24,false,C27,P. magellanicus,UNKNOWN,FAM,NFQ-MGB,26.344,25.700,0.431,1.13E-06,1.74E-06,4.08E-07,true,0.054,true,1,40,,4.517,0.992,-3.671,87.243,0.988,0.980,N,N,Y,N
217,J1,false,C89,P. magellanicus,UNKNOWN,FAM,NFQ-MGB,28.439,28.616,0.143,3.04E-07,2.73E-07,2.47E-08,true,0.054,true,1,40,,4.517,0.992,-3.671,87.243,1.171,0.985,N,N,N,N
218,J2,false,C89,P. magellanicus,UNKNOWN,FAM,NFQ-MGB,28.569,28.616,0.143,2.81E-07,2.73E-07,2.47E-08,true,0.054,true,1,40,,4.517,0.992,-3.671,87.243,1.168,0.988,N,N,N,N
219,J3,false,C89,P. magellanicus,UNKNOWN,FAM,NFQ-MGB,28.763,28.616,0.143,2.48E-07,2.73E-07,2.47E-08,true,0.054,true,1,40,,4.517,0.992,-3.671,87.243,1.165,0.979,N,N,N,N
220,J4,false,C89,P. magellanicus,UNKNOWN,FAM,NFQ-MGB,28.694,28.616,0.143,2.59E-07,2.73E-07,2.47E-08,true,0.054,true,1,40,,4.517,0.992,-3.671,87.243,1.162,0.984,N,N,N,N
221,J5,false,D49,P. magellanicus,UNKNOWN,FAM,NFQ-MGB,Undetermined,37.549,0.003,,,,true,0.054,true,1,40,,4.517,0.992,-3.671,87.243,0.000,0.000,N,N,N,Y
222,J6,false,D49,P. magellanicus,UNKNOWN,FAM,NFQ-MGB,37.551,37.549,0.003,1.00E-09,1.00E-09,1.93E-12,true,0.054,true,1,40,,4.517,0.992,-3.671,87.243,0.907,0.885,N,N,N,N
223,J7,false,D49,P. magellanicus,UNKNOWN,FAM,NFQ-MGB,Undetermined,37.549,0.003,,,,true,0.054,true,1,40,,4.517,0.992,-3.671,87.243,0.000,0.000,N,Y,N,Y
224,J8,false,D49,P. magellanicus,UNKNOWN,FAM,NFQ-MGB,37.547,37.549,0.003,1.01E-09,1.00E-09,1.93E-12,true,0.054,true,1,40,,4.517,0.992,-3.671,87.243,0.877,0.847,N,N,N,N
225,J9,false,C1,P. magellanicus,UNKNOWN,FAM,NFQ-MGB,Undetermined,,,,,,true,0.054,true,1,40,,4.517,0.992,-3.671,87.243,0.000,0.000,N,Y,N,Y
226,J10,false,C1,P. magellanicus,UNKNOWN,FAM,NFQ-MGB,Undetermined,,,,,,true,0.054,true,1,40,,4.517,0.992,-3.671,87.243,0.000,0.000,N,Y,N,Y
227,J11,false,C1,P. magellanicus,UNKNOWN,FAM,NFQ-MGB,Undetermined,,,,,,true,0.054,true,1,40,,4.517,0.992,-3.671,87.243,0.000,0.000,N,Y,N,Y
228,J12,false,C1,P. magellanicus,UNKNOWN,FAM,NFQ-MGB,Undetermined,,,,,,true,0.054,true,1,40,,4.517,0.992,-3.671,87.243,0.000,0.000,N,Y,N,Y
229,J13,false,C42,P. magellanicus,UNKNOWN,FAM,NFQ-MGB,36.127,35.943,0.285,2.45E-09,2.78E-09,5.30E-10,true,0.054,true,1,40,,4.517,0.992,-3.671,87.243,1.011,0.942,N,N,N,N
230,J14,false,C42,P. magellanicus,UNKNOWN,FAM,NFQ-MGB,35.534,35.943,0.285,3.56E-09,2.78E-09,5.30E-10,true,0.054,true,1,40,,4.517,0.992,-3.671,87.243,1.043,0.946,N,N,N,N
231,J15,false,C42,P. magellanicus,UNKNOWN,FAM,NFQ-MGB,35.965,35.943,0.285,2.71E-09,2.78E-09,5.30E-10,true,0.054,true,1,40,,4.517,0.992,-3.671,87.243,1.023,0.953,N,N,N,N
232,J16,false,C42,P. magellanicus,UNKNOWN,FAM,NFQ-MGB,36.147,35.943,0.285,2.42E-09,2.78E-09,5.30E-10,true,0.054,true,1,40,,4.517,0.992,-3.671,87.243,1.012,0.950,N,N,N,N
233,J17,false,D29,P. magellanicus,UNKNOWN,FAM,NFQ-MGB,28.583,28.669,0.356,2.78E-07,2.69E-07,6.07E-08,true,0.054,true,1,40,,4.517,0.992,-3.671,87.243,1.152,0.985,N,N,N,N
234,J18,false,D29,P. magellanicus,UNKNOWN,FAM,NFQ-MGB,28.794,28.669,0.356,2.44E-07,2.69E-07,6.07E-08,true,0.054,true,1,40,,4.517,0.992,-3.671,87.243,1.154,0.924,N,N,N,N
235,J19,false,D29,P. magellanicus,UNKNOWN,FAM,NFQ-MGB,29.072,28.669,0.356,2.05E-07,2.69E-07,6.07E-08,true,0.054,true,1,40,,4.517,0.992,-3.671,87.243,1.155,0.908,N,N,N,N
236,J20,false,D29,P. magellanicus,UNKNOWN,FAM,NFQ-MGB,28.227,28.669,0.356,3.48E-07,2.69E-07,6.07E-08,true,0.054,true,1,40,,4.517,0.992,-3.671,87.243,1.158,0.977,N,N,N,N
237,J21,false,1 e-6,P. magellanicus,STANDARD,FAM,NFQ-MGB,26.410,26.771,0.314,1.00E-06,,,true,0.054,true,1,40,,4.517,0.992,-3.671,87.243,1.166,0.982,N,N,N,N
238,J22,false,1 e-6,P. magellanicus,STANDARD,FAM,NFQ-MGB,27.073,26.771,0.314,1.00E-06,,,true,0.054,true,1,40,,4.517,0.992,-3.671,87.243,1.161,0.924,N,N,N,N
239,J23,false,1 e-6,P. magellanicus,STANDARD,FAM,NFQ-MGB,26.609,26.771,0.314,1.00E-06,,,true,0.054,true,1,40,,4.517,0.992,-3.671,87.243,1.164,0.985,N,N,N,N
240,J24,false,1 e-6,P. magellanicus,STANDARD,FAM,NFQ-MGB,26.992,26.771,0.314,1.00E-06,,,true,0.054,true,1,40,,4.517,0.992,-3.671,87.243,1.084,0.987,N,N,N,N
241,K1,false,D121,P. magellanicus,UNKNOWN,FAM,NFQ-MGB,25.619,25.638,0.035,1.78E-06,1.76E-06,3.78E-08,true,0.054,true,1,40,,4.517,0.992,-3.671,87.243,1.167,0.987,N,N,N,N
242,K2,false,D121,P. magellanicus,UNKNOWN,FAM,NFQ-MGB,25.620,25.638,0.035,1.78E-06,1.76E-06,3.78E-08,true,0.054,true,1,40,,4.517,0.992,-3.671,87.243,1.168,0.985,N,N,N,N
243,K3,false,D121,P. magellanicus,UNKNOWN,FAM,NFQ-MGB,25.624,25.638,0.035,1.78E-06,1.76E-06,3.78E-08,true,0.054,true,1,40,,4.517,0.992,-3.671,87.243,1.165,0.993,N,N,N,N
244,K4,false,D121,P. magellanicus,UNKNOWN,FAM,NFQ-MGB,25.690,25.638,0.035,1.71E-06,1.76E-06,3.78E-08,true,0.054,true,1,40,,4.517,0.992,-3.671,87.243,1.164,0.988,N,N,N,N
245,K5,false,C22,P. magellanicus,UNKNOWN,FAM,NFQ-MGB,Undetermined,,,,,,true,0.054,true,1,40,,4.517,0.992,-3.671,87.243,0.000,0.000,N,Y,N,Y
246,K6,false,C22,P. magellanicus,UNKNOWN,FAM,NFQ-MGB,Undetermined,,,,,,true,0.054,true,1,40,,4.517,0.992,-3.671,87.243,0.000,0.000,N,Y,N,Y
247,K7,false,C22,P. magellanicus,UNKNOWN,FAM,NFQ-MGB,Undetermined,,,,,,true,0.054,true,1,40,,4.517,0.992,-3.671,87.243,0.000,0.000,N,Y,N,Y
248,K8,false,C22,P. magellanicus,UNKNOWN,FAM,NFQ-MGB,Undetermined,,,,,,true,0.054,true,1,40,,4.517,0.992,-3.671,87.243,0.000,0.000,N,Y,N,Y
249,K9,false,D48,P. magellanicus,UNKNOWN,FAM,NFQ-MGB,37.720,38.093,0.619,9.02E-10,7.48E-10,2.53E-10,true,0.054,true,1,40,,4.517,0.992,-3.671,87.243,0.892,0.922,Y,N,N,N
250,K10,false,D48,P. magellanicus,UNKNOWN,FAM,NFQ-MGB,38.808,38.093,0.619,4.56E-10,7.48E-10,2.53E-10,true,0.054,true,1,40,,4.517,0.992,-3.671,87.243,0.756,0.193,Y,N,Y,N
251,K11,false,D48,P. magellanicus,UNKNOWN,FAM,NFQ-MGB,37.751,38.093,0.619,8.85E-10,7.48E-10,2.53E-10,true,0.054,true,1,40,,4.517,0.992,-3.671,87.243,0.880,0.907,Y,N,N,N
252,K12,false,D48,P. magellanicus,UNKNOWN,FAM,NFQ-MGB,Undetermined,38.093,0.619,,,,true,0.054,true,1,40,,4.517,0.992,-3.671,87.243,0.447,0.000,N,N,N,N
253,K13,false,C19,P. magellanicus,UNKNOWN,FAM,NFQ-MGB,38.357,37.727,0.891,6.05E-10,9.69E-10,5.15E-10,true,0.054,true,1,40,,4.517,0.992,-3.671,87.243,0.803,0.698,Y,N,N,N
254,K14,false,C19,P. magellanicus,UNKNOWN,FAM,NFQ-MGB,37.098,37.727,0.891,1.33E-09,9.69E-10,5.15E-10,true,0.054,true,1,40,,4.517,0.992,-3.671,87.243,0.947,0.863,Y,N,N,N
255,K15,false,C19,P. magellanicus,UNKNOWN,FAM,NFQ-MGB,Undetermined,37.727,0.891,,,,true,0.054,true,1,40,,4.517,0.992,-3.671,87.243,0.000,0.000,N,Y,N,Y
256,K16,false,C19,P. magellanicus,UNKNOWN,FAM,NFQ-MGB,Undetermined,37.727,0.891,,,,true,0.054,true,1,40,,4.517,0.992,-3.671,87.243,0.000,0.000,N,N,N,N
257,K17,false,C215,P. magellanicus,UNKNOWN,FAM,NFQ-MGB,Undetermined,,,,,,true,0.054,true,1,40,,4.517,0.992,-3.671,87.243,0.476,0.000,N,N,N,N
258,K18,false,C215,P. magellanicus,UNKNOWN,FAM,NFQ-MGB,Undetermined,,,,,,true,0.054,true,1,40,,4.517,0.992,-3.671,87.243,0.000,0.000,N,N,N,Y
259,K19,false,C215,P. magellanicus,UNKNOWN,FAM,NFQ-MGB,Undetermined,,,,,,true,0.054,true,1,40,,4.517,0.992,-3.671,87.243,0.000,0.000,N,Y,N,Y
260,K20,false,C215,P. magellanicus,UNKNOWN,FAM,NFQ-MGB,Undetermined,,,,,,true,0.054,true,1,40,,4.517,0.992,-3.671,87.243,0.000,0.000,N,Y,N,Y
261,K21,false,D72,P. magellanicus,UNKNOWN,FAM,NFQ-MGB,Undetermined,,,,,,true,0.054,true,1,40,,4.517,0.992,-3.671,87.243,0.000,0.000,N,Y,N,Y
262,K22,false,D72,P. magellanicus,UNKNOWN,FAM,NFQ-MGB,Undetermined,,,,,,true,0.054,true,1,40,,4.517,0.992,-3.671,87.243,0.000,0.000,N,Y,N,Y
263,K23,false,D72,P. magellanicus,UNKNOWN,FAM,NFQ-MGB,Undetermined,,,,,,true,0.054,true,1,40,,4.517,0.992,-3.671,87.243,0.000,0.000,N,Y,N,Y
264,K24,false,D72,P. magellanicus,UNKNOWN,FAM,NFQ-MGB,Undetermined,,,,,,true,0.054,true,1,40,,4.517,0.992,-3.671,87.243,0.000,0.000,N,Y,N,Y
265,L1,false,C188,P. magellanicus,UNKNOWN,FAM,NFQ-MGB,34.490,34.550,0.358,6.84E-09,6.71E-09,1.39E-09,true,0.054,true,1,40,,4.517,0.992,-3.671,87.243,1.143,0.968,N,N,N,N
266,L2,false,C188,P. magellanicus,UNKNOWN,FAM,NFQ-MGB,35.058,34.550,0.358,4.79E-09,6.71E-09,1.39E-09,true,0.054,true,1,40,,4.517,0.992,-3.671,87.243,1.107,0.955,N,N,N,N
267,L3,false,C188,P. magellanicus,UNKNOWN,FAM,NFQ-MGB,34.220,34.550,0.358,8.10E-09,6.71E-09,1.39E-09,true,0.054,true,1,40,,4.517,0.992,-3.671,87.243,1.138,0.951,N,N,N,N
268,L4,false,C188,P. magellanicus,UNKNOWN,FAM,NFQ-MGB,34.431,34.550,0.358,7.10E-09,6.71E-09,1.39E-09,true,0.054,true,1,40,,4.517,0.992,-3.671,87.243,1.133,0.963,N,N,N,N
269,L5,false,C185,P. magellanicus,UNKNOWN,FAM,NFQ-MGB,34.467,35.210,0.506,6.94E-09,4.54E-09,1.62E-09,true,0.054,true,1,40,,4.517,0.992,-3.671,87.243,1.134,0.974,Y,N,N,N
270,L6,false,C185,P. magellanicus,UNKNOWN,FAM,NFQ-MGB,35.465,35.210,0.506,3.71E-09,4.54E-09,1.62E-09,true,0.054,true,1,40,,4.517,0.992,-3.671,87.243,1.057,0.948,Y,N,N,N
271,L7,false,C185,P. magellanicus,UNKNOWN,FAM,NFQ-MGB,35.583,35.210,0.506,3.45E-09,4.54E-09,1.62E-09,true,0.054,true,1,40,,4.517,0.992,-3.671,87.243,1.055,0.946,Y,N,N,N
272,L8,false,C185,P. magellanicus,UNKNOWN,FAM,NFQ-MGB,35.327,35.210,0.506,4.05E-09,4.54E-09,1.62E-09,true,0.054,true,1,40,,4.517,0.992,-3.671,87.243,1.065,0.952,Y,N,N,N
273,L9,false,D171,P. magellanicus,UNKNOWN,FAM,NFQ-MGB,31.639,31.924,0.293,4.09E-08,3.46E-08,6.24E-09,true,0.054,true,1,40,,4.517,0.992,-3.671,87.243,1.171,0.975,N,N,N,N
274,L10,false,D171,P. magellanicus,UNKNOWN,FAM,NFQ-MGB,32.267,31.924,0.293,2.76E-08,3.46E-08,6.24E-09,true,0.054,true,1,40,,4.517,0.992,-3.671,87.243,1.168,0.974,N,N,N,N
275,L11,false,D171,P. magellanicus,UNKNOWN,FAM,NFQ-MGB,32.065,31.924,0.293,3.13E-08,3.46E-08,6.24E-09,true,0.054,true,1,40,,4.517,0.992,-3.671,87.243,1.179,0.979,N,N,N,N
276,L12,false,D171,P. magellanicus,UNKNOWN,FAM,NFQ-MGB,31.725,31.924,0.293,3.88E-08,3.46E-08,6.24E-09,true,0.054,true,1,40,,4.517,0.992,-3.671,87.243,1.165,0.982,N,N,N,N
277,L13,false,D150,P. magellanicus,UNKNOWN,FAM,NFQ-MGB,27.718,27.589,0.094,4.79E-07,5.19E-07,3.00E-08,true,0.054,true,1,40,,4.517,0.992,-3.671,87.243,1.161,0.988,N,N,N,N
278,L14,false,D150,P. magellanicus,UNKNOWN,FAM,NFQ-MGB,27.531,27.589,0.094,5.38E-07,5.19E-07,3.00E-08,true,0.054,true,1,40,,4.517,0.992,-3.671,87.243,1.158,0.990,N,N,N,N
279,L15,false,D150,P. magellanicus,UNKNOWN,FAM,NFQ-MGB,27.598,27.589,0.094,5.16E-07,5.19E-07,3.00E-08,true,0.054,true,1,40,,4.517,0.992,-3.671,87.243,1.170,0.991,N,N,N,N
280,L16,false,D150,P. magellanicus,UNKNOWN,FAM,NFQ-MGB,27.510,27.589,0.094,5.45E-07,5.19E-07,3.00E-08,true,0.054,true,1,40,,4.517,0.992,-3.671,87.243,1.166,0.986,N,N,N,N
281,L17,false,C269,P. magellanicus,UNKNOWN,FAM,NFQ-MGB,32.936,33.066,0.337,1.81E-08,1.70E-08,3.56E-09,true,0.054,true,1,40,,4.517,0.992,-3.671,87.243,1.156,0.980,N,N,N,N
282,L18,false,C269,P. magellanicus,UNKNOWN,FAM,NFQ-MGB,32.678,33.066,0.337,2.13E-08,1.70E-08,3.56E-09,true,0.054,true,1,40,,4.517,0.992,-3.671,87.243,1.163,0.896,N,N,N,N
283,L19,false,C269,P. magellanicus,UNKNOWN,FAM,NFQ-MGB,33.466,33.066,0.337,1.30E-08,1.70E-08,3.56E-09,true,0.054,true,1,40,,4.517,0.992,-3.671,87.243,1.161,0.902,N,N,N,N
284,L20,false,C269,P. magellanicus,UNKNOWN,FAM,NFQ-MGB,33.184,33.066,0.337,1.55E-08,1.70E-08,3.56E-09,true,0.054,true,1,40,,4.517,0.992,-3.671,87.243,1.161,0.975,N,N,N,N
285,L21,false,1 e-7,P. magellanicus,STANDARD,FAM,NFQ-MGB,30.891,31.023,0.342,1.00E-07,,,true,0.054,true,1,40,,4.517,0.992,-3.671,87.243,1.184,0.988,N,N,N,N
286,L22,false,1 e-7,P. magellanicus,STANDARD,FAM,NFQ-MGB,31.191,31.023,0.342,1.00E-07,,,true,0.054,true,1,40,,4.517,0.992,-3.671,87.243,1.165,0.917,N,N,N,N
287,L23,false,1 e-7,P. magellanicus,STANDARD,FAM,NFQ-MGB,30.615,31.023,0.342,1.00E-07,,,true,0.054,true,1,40,,4.517,0.992,-3.671,87.243,1.167,0.989,N,N,N,N
288,L24,false,1 e-7,P. magellanicus,STANDARD,FAM,NFQ-MGB,31.396,31.023,0.342,1.00E-07,,,true,0.054,true,1,40,,4.517,0.992,-3.671,87.243,1.141,0.838,N,N,N,N
289,M1,false,C88,P. magellanicus,UNKNOWN,FAM,NFQ-MGB,26.602,26.381,0.174,9.63E-07,1.11E-06,1.19E-07,true,0.054,true,1,40,,4.517,0.992,-3.671,87.243,1.170,0.987,N,N,N,N
290,M2,false,C88,P. magellanicus,UNKNOWN,FAM,NFQ-MGB,26.321,26.381,0.174,1.15E-06,1.11E-06,1.19E-07,true,0.054,true,1,40,,4.517,0.992,-3.671,87.243,1.174,0.990,N,N,N,N
291,M3,false,C88,P. magellanicus,UNKNOWN,FAM,NFQ-MGB,26.189,26.381,0.174,1.25E-06,1.11E-06,1.19E-07,true,0.054,true,1,40,,4.517,0.992,-3.671,87.243,1.172,0.988,N,N,N,N
292,M4,false,C88,P. magellanicus,UNKNOWN,FAM,NFQ-MGB,26.410,26.381,0.174,1.09E-06,1.11E-06,1.19E-07,true,0.054,true,1,40,,4.517,0.992,-3.671,87.243,1.178,0.985,N,N,N,N
293,M5,false,C213,P. magellanicus,UNKNOWN,FAM,NFQ-MGB,31.650,31.409,0.241,4.06E-08,4.77E-08,7.43E-09,true,0.054,true,1,40,,4.517,0.992,-3.671,87.243,1.169,0.985,N,N,N,N
294,M6,false,C213,P. magellanicus,UNKNOWN,FAM,NFQ-MGB,31.514,31.409,0.241,4.42E-08,4.77E-08,7.43E-09,true,0.054,true,1,40,,4.517,0.992,-3.671,87.243,1.172,0.977,N,N,N,N
295,M7,false,C213,P. magellanicus,UNKNOWN,FAM,NFQ-MGB,31.086,31.409,0.241,5.79E-08,4.77E-08,7.43E-09,true,0.054,true,1,40,,4.517,0.992,-3.671,87.243,1.180,0.986,N,N,N,N
296,M8,false,C213,P. magellanicus,UNKNOWN,FAM,NFQ-MGB,31.388,31.409,0.241,4.79E-08,4.77E-08,7.43E-09,true,0.054,true,1,40,,4.517,0.992,-3.671,87.243,1.170,0.987,N,N,N,N
297,M9,false,C44,P. magellanicus,UNKNOWN,FAM,NFQ-MGB,36.049,36.072,0.241,2.57E-09,2.56E-09,3.95E-10,true,0.054,true,1,40,,4.517,0.992,-3.671,87.243,1.032,0.943,N,N,N,N
298,M10,false,C44,P. magellanicus,UNKNOWN,FAM,NFQ-MGB,35.756,36.072,0.241,3.09E-09,2.56E-09,3.95E-10,true,0.054,true,1,40,,4.517,0.992,-3.671,87.243,1.055,0.966,N,N,N,N
299,M11,false,C44,P. magellanicus,UNKNOWN,FAM,NFQ-MGB,36.328,36.072,0.241,2.16E-09,2.56E-09,3.95E-10,true,0.054,true,1,40,,4.517,0.992,-3.671,87.243,1.005,0.936,N,N,N,N
300,M12,false,C44,P. magellanicus,UNKNOWN,FAM,NFQ-MGB,36.157,36.072,0.241,2.40E-09,2.56E-09,3.95E-10,true,0.054,true,1,40,,4.517,0.992,-3.671,87.243,1.022,0.920,N,N,N,N
301,M13,false,D116,P. magellanicus,UNKNOWN,FAM,NFQ-MGB,Undetermined,37.305,,,,,true,0.054,true,1,40,,4.517,0.992,-3.671,87.243,0.000,0.000,N,Y,N,Y
302,M14,false,D116,P. magellanicus,UNKNOWN,FAM,NFQ-MGB,Undetermined,37.305,,,,,true,0.054,true,1,40,,4.517,0.992,-3.671,87.243,0.000,0.000,N,Y,N,Y
303,M15,false,D116,P. magellanicus,UNKNOWN,FAM,NFQ-MGB,37.305,37.305,,1.17E-09,1.17E-09,,true,0.054,true,1,40,,4.517,0.992,-3.671,87.243,0.923,0.808,N,N,N,N
304,M16,false,D116,P. magellanicus,UNKNOWN,FAM,NFQ-MGB,Undetermined,37.305,,,,,true,0.054,true,1,40,,4.517,0.992,-3.671,87.243,0.000,0.000,N,Y,N,Y
305,M17,false,C83,P. magellanicus,UNKNOWN,FAM,NFQ-MGB,37.443,37.249,0.203,1.07E-09,1.22E-09,1.55E-10,true,0.054,true,1,40,,4.517,0.992,-3.671,87.243,0.917,0.886,N,N,N,N
306,M18,false,C83,P. magellanicus,UNKNOWN,FAM,NFQ-MGB,37.122,37.249,0.203,1.31E-09,1.22E-09,1.55E-10,true,0.054,true,1,40,,4.517,0.992,-3.671,87.243,0.939,0.891,N,N,N,N
307,M19,false,C83,P. magellanicus,UNKNOWN,FAM,NFQ-MGB,37.400,37.249,0.203,1.10E-09,1.22E-09,1.55E-10,true,0.054,true,1,40,,4.517,0.992,-3.671,87.243,0.912,0.937,N,N,N,N
308,M20,false,C83,P. magellanicus,UNKNOWN,FAM,NFQ-MGB,37.032,37.249,0.203,1.39E-09,1.22E-09,1.55E-10,true,0.054,true,1,40,,4.517,0.992,-3.671,87.243,0.952,0.904,N,N,N,N
309,M21,false,C173,P. magellanicus,UNKNOWN,FAM,NFQ-MGB,32.962,33.333,0.387,1.78E-08,1.44E-08,3.46E-09,true,0.054,true,1,40,,4.517,0.992,-3.671,87.243,1.160,0.978,N,N,N,N
310,M22,false,C173,P. magellanicus,UNKNOWN,FAM,NFQ-MGB,33.650,33.333,0.387,1.16E-08,1.44E-08,3.46E-09,true,0.054,true,1,40,,4.517,0.992,-3.671,87.243,1.152,0.972,N,N,N,N
311,M23,false,C173,P. magellanicus,UNKNOWN,FAM,NFQ-MGB,33.037,33.333,0.387,1.70E-08,1.44E-08,3.46E-09,true,0.054,true,1,40,,4.517,0.992,-3.671,87.243,1.162,0.969,N,N,N,N
312,M24,false,C173,P. magellanicus,UNKNOWN,FAM,NFQ-MGB,33.683,33.333,0.387,1.13E-08,1.44E-08,3.46E-09,true,0.054,true,1,40,,4.517,0.992,-3.671,87.243,1.055,0.856,N,N,N,N
313,N1,false,D100,P. magellanicus,UNKNOWN,FAM,NFQ-MGB,28.969,29.054,0.082,2.18E-07,2.07E-07,1.06E-08,true,0.054,true,1,40,,4.517,0.992,-3.671,87.243,1.184,0.988,N,N,N,N
314,N2,false,D100,P. magellanicus,UNKNOWN,FAM,NFQ-MGB,29.078,29.054,0.082,2.04E-07,2.07E-07,1.06E-08,true,0.054,true,1,40,,4.517,0.992,-3.671,87.243,1.168,0.982,N,N,N,N
315,N3,false,D100,P. magellanicus,UNKNOWN,FAM,NFQ-MGB,29.157,29.054,0.082,1.94E-07,2.07E-07,1.06E-08,true,0.054,true,1,40,,4.517,0.992,-3.671,87.243,1.179,0.984,N,N,N,N
316,N4,false,D100,P. magellanicus,UNKNOWN,FAM,NFQ-MGB,29.012,29.054,0.082,2.13E-07,2.07E-07,1.06E-08,true,0.054,true,1,40,,4.517,0.992,-3.671,87.243,1.183,0.985,N,N,N,N
317,N5,false,D145,P. magellanicus,UNKNOWN,FAM,NFQ-MGB,Undetermined,,,,,,true,0.054,true,1,40,,4.517,0.992,-3.671,87.243,0.000,0.000,N,Y,N,Y
318,N6,false,D145,P. magellanicus,UNKNOWN,FAM,NFQ-MGB,Undetermined,,,,,,true,0.054,true,1,40,,4.517,0.992,-3.671,87.243,0.000,0.000,N,Y,N,Y
319,N7,false,D145,P. magellanicus,UNKNOWN,FAM,NFQ-MGB,Undetermined,,,,,,true,0.054,true,1,40,,4.517,0.992,-3.671,87.243,0.000,0.000,N,Y,N,Y
320,N8,false,D145,P. magellanicus,UNKNOWN,FAM,NFQ-MGB,Undetermined,,,,,,true,0.054,true,1,40,,4.517,0.992,-3.671,87.243,0.000,0.000,N,Y,N,Y
321,N9,false,C79,P. magellanicus,UNKNOWN,FAM,NFQ-MGB,33.982,34.280,0.240,9.41E-09,7.87E-09,1.19E-09,true,0.054,true,1,40,,4.517,0.992,-3.671,87.243,1.155,0.978,N,N,N,N
322,N10,false,C79,P. magellanicus,UNKNOWN,FAM,NFQ-MGB,34.308,34.280,0.240,7.67E-09,7.87E-09,1.19E-09,true,0.054,true,1,40,,4.517,0.992,-3.671,87.243,1.140,0.973,N,N,N,N
323,N11,false,C79,P. magellanicus,UNKNOWN,FAM,NFQ-MGB,34.261,34.280,0.240,7.90E-09,7.87E-09,1.19E-09,true,0.054,true,1,40,,4.517,0.992,-3.671,87.243,1.151,0.961,N,N,N,N
324,N12,false,C79,P. magellanicus,UNKNOWN,FAM,NFQ-MGB,34.568,34.280,0.240,6.51E-09,7.87E-09,1.19E-09,true,0.054,true,1,40,,4.517,0.992,-3.671,87.243,1.150,0.892,N,N,N,N
325,N13,false,C112,P. magellanicus,UNKNOWN,FAM,NFQ-MGB,26.127,25.700,0.294,1.30E-06,1.72E-06,2.93E-07,true,0.054,true,1,40,,4.517,0.992,-3.671,87.243,1.168,0.947,N,N,N,N
326,N14,false,C112,P. magellanicus,UNKNOWN,FAM,NFQ-MGB,25.636,25.700,0.294,1.77E-06,1.72E-06,2.93E-07,true,0.054,true,1,40,,4.517,0.992,-3.671,87.243,1.174,0.991,N,N,N,N
327,N15,false,C112,P. magellanicus,UNKNOWN,FAM,NFQ-MGB,25.576,25.700,0.294,1.83E-06,1.72E-06,2.93E-07,true,0.054,true,1,40,,4.517,0.992,-3.671,87.243,1.172,0.987,N,N,N,N
328,N16,false,C112,P. magellanicus,UNKNOWN,FAM,NFQ-MGB,25.460,25.700,0.294,1.97E-06,1.72E-06,2.93E-07,true,0.054,true,1,40,,4.517,0.992,-3.671,87.243,1.171,0.989,N,N,N,N
329,N17,false,C159,P. magellanicus,UNKNOWN,FAM,NFQ-MGB,38.373,35.974,1.684,5.99E-10,3.68E-09,2.62E-09,true,0.054,true,1,40,,4.517,0.992,-3.671,87.243,0.820,0.688,Y,N,N,N
330,N18,false,C159,P. magellanicus,UNKNOWN,FAM,NFQ-MGB,35.343,35.974,1.684,4.01E-09,3.68E-09,2.62E-09,true,0.054,true,1,40,,4.517,0.992,-3.671,87.243,1.055,0.957,Y,N,N,N
331,N19,false,C159,P. magellanicus,UNKNOWN,FAM,NFQ-MGB,34.462,35.974,1.684,6.96E-09,3.68E-09,2.62E-09,true,0.054,true,1,40,,4.517,0.992,-3.671,87.243,1.130,0.979,Y,N,N,N
332,N20,false,C159,P. magellanicus,UNKNOWN,FAM,NFQ-MGB,35.718,35.974,1.684,3.17E-09,3.68E-09,2.62E-09,true,0.054,true,1,40,,4.517,0.992,-3.671,87.243,1.052,0.958,Y,N,N,N
333,N21,false,1 e-8,P. magellanicus,STANDARD,FAM,NFQ-MGB,33.589,33.520,0.122,1.00E-08,,,true,0.054,true,1,40,,4.517,0.992,-3.671,87.243,1.172,0.971,N,N,N,N
334,N22,false,1 e-8,P. magellanicus,STANDARD,FAM,NFQ-MGB,33.390,33.520,0.122,1.00E-08,,,true,0.054,true,1,40,,4.517,0.992,-3.671,87.243,1.169,0.868,N,N,N,N
335,N23,false,1 e-8,P. magellanicus,STANDARD,FAM,NFQ-MGB,33.447,33.520,0.122,1.00E-08,,,true,0.054,true,1,40,,4.517,0.992,-3.671,87.243,1.171,0.962,N,N,N,N
336,N24,false,1 e-8,P. magellanicus,STANDARD,FAM,NFQ-MGB,33.654,33.520,0.122,1.00E-08,,,true,0.054,true,1,40,,4.517,0.992,-3.671,87.243,1.178,0.974,N,N,N,N
337,O1,false,C267,P. magellanicus,UNKNOWN,FAM,NFQ-MGB,35.840,35.169,0.578,2.93E-09,4.70E-09,1.73E-09,true,0.054,true,1,40,,4.517,0.992,-3.671,87.243,1.043,0.958,Y,N,N,N
338,O2,false,C267,P. magellanicus,UNKNOWN,FAM,NFQ-MGB,34.442,35.169,0.578,7.05E-09,4.70E-09,1.73E-09,true,0.054,true,1,40,,4.517,0.992,-3.671,87.243,1.142,0.965,Y,N,N,N
339,O3,false,C267,P. magellanicus,UNKNOWN,FAM,NFQ-MGB,35.088,35.169,0.578,4.70E-09,4.70E-09,1.73E-09,true,0.054,true,1,40,,4.517,0.992,-3.671,87.243,1.082,0.965,Y,N,N,N
340,O4,false,C267,P. magellanicus,UNKNOWN,FAM,NFQ-MGB,35.304,35.169,0.578,4.11E-09,4.70E-09,1.73E-09,true,0.054,true,1,40,,4.517,0.992,-3.671,87.243,1.075,0.963,Y,N,N,N
341,O5,false,C255,P. magellanicus,UNKNOWN,FAM,NFQ-MGB,Undetermined,38.491,,,,,true,0.054,true,1,40,,4.517,0.992,-3.671,87.243,0.000,0.000,N,Y,N,Y
342,O6,false,C255,P. magellanicus,UNKNOWN,FAM,NFQ-MGB,Undetermined,38.491,,,,,true,0.054,true,1,40,,4.517,0.992,-3.671,87.243,0.000,0.000,N,Y,N,Y
343,O7,false,C255,P. magellanicus,UNKNOWN,FAM,NFQ-MGB,Undetermined,38.491,,,,,true,0.054,true,1,40,,4.517,0.992,-3.671,87.243,0.000,0.000,N,Y,N,Y
344,O8,false,C255,P. magellanicus,UNKNOWN,FAM,NFQ-MGB,38.491,38.491,,5.56E-10,5.56E-10,,true,0.054,true,1,40,,4.517,0.992,-3.671,87.243,0.794,0.574,N,N,N,N
345,O9,false,D27,P. magellanicus,UNKNOWN,FAM,NFQ-MGB,31.005,30.803,0.203,6.09E-08,6.95E-08,8.88E-09,true,0.054,true,1,40,,4.517,0.992,-3.671,87.243,1.183,0.981,N,N,N,N
346,O10,false,D27,P. magellanicus,UNKNOWN,FAM,NFQ-MGB,30.692,30.803,0.203,7.41E-08,6.95E-08,8.88E-09,true,0.054,true,1,40,,4.517,0.992,-3.671,87.243,1.174,0.979,N,N,N,N
347,O11,false,D27,P. magellanicus,UNKNOWN,FAM,NFQ-MGB,30.938,30.803,0.203,6.35E-08,6.95E-08,8.88E-09,true,0.054,true,1,40,,4.517,0.992,-3.671,87.243,1.170,0.967,N,N,N,N
348,O12,false,D27,P. magellanicus,UNKNOWN,FAM,NFQ-MGB,30.575,30.803,0.203,7.97E-08,6.95E-08,8.88E-09,true,0.054,true,1,40,,4.517,0.992,-3.671,87.243,1.177,0.984,N,N,N,N
349,O13,false,C178,P. magellanicus,UNKNOWN,FAM,NFQ-MGB,26.814,26.666,0.173,8.44E-07,9.30E-07,1.01E-07,true,0.054,true,1,40,,4.517,0.992,-3.671,87.243,1.183,0.914,N,N,N,N
350,O14,false,C178,P. magellanicus,UNKNOWN,FAM,NFQ-MGB,26.814,26.666,0.173,8.44E-07,9.30E-07,1.01E-07,true,0.054,true,1,40,,4.517,0.992,-3.671,87.243,1.178,0.952,N,N,N,N
351,O15,false,C178,P. magellanicus,UNKNOWN,FAM,NFQ-MGB,26.551,26.666,0.173,9.95E-07,9.30E-07,1.01E-07,true,0.054,true,1,40,,4.517,0.992,-3.671,87.243,1.178,0.955,N,N,N,N
352,O16,false,C178,P. magellanicus,UNKNOWN,FAM,NFQ-MGB,26.484,26.666,0.173,1.04E-06,9.30E-07,1.01E-07,true,0.054,true,1,40,,4.517,0.992,-3.671,87.243,1.187,0.987,N,N,N,N
353,O17,false,C116,P. magellanicus,UNKNOWN,FAM,NFQ-MGB,29.363,29.371,0.102,1.71E-07,1.70E-07,1.10E-08,true,0.054,true,1,40,,4.517,0.992,-3.671,87.243,1.190,0.984,N,N,N,N
354,O18,false,C116,P. magellanicus,UNKNOWN,FAM,NFQ-MGB,29.421,29.371,0.102,1.64E-07,1.70E-07,1.10E-08,true,0.054,true,1,40,,4.517,0.992,-3.671,87.243,1.176,0.986,N,N,N,N
355,O19,false,C116,P. magellanicus,UNKNOWN,FAM,NFQ-MGB,29.233,29.371,0.102,1.85E-07,1.70E-07,1.10E-08,true,0.054,true,1,40,,4.517,0.992,-3.671,87.243,1.179,0.988,N,N,N,N
356,O20,false,C116,P. magellanicus,UNKNOWN,FAM,NFQ-MGB,29.468,29.371,0.102,1.60E-07,1.70E-07,1.10E-08,true,0.054,true,1,40,,4.517,0.992,-3.671,87.243,1.176,0.982,N,N,N,N
357,O21,false,NTC,P. magellanicus,UNKNOWN,FAM,NFQ-MGB,Undetermined,,,,,,true,0.054,true,1,40,,4.517,0.992,-3.671,87.243,0.000,0.000,N,Y,N,Y
358,O22,false,NTC,P. magellanicus,UNKNOWN,FAM,NFQ-MGB,Undetermined,,,,,,true,0.054,true,1,40,,4.517,0.992,-3.671,87.243,0.000,0.000,N,Y,N,Y
359,O23,false,NTC,P. magellanicus,UNKNOWN,FAM,NFQ-MGB,Undetermined,,,,,,true,0.054,true,1,40,,4.517,0.992,-3.671,87.243,0.000,0.000,N,Y,N,Y
360,O24,false,NTC,P. magellanicus,UNKNOWN,FAM,NFQ-MGB,Undetermined,,,,,,true,0.054,true,1,40,,4.517,0.992,-3.671,87.243,0.000,0.000,N,Y,N,Y
361,P1,false,D143,P. magellanicus,UNKNOWN,FAM,NFQ-MGB,34.863,35.268,0.520,5.41E-09,4.36E-09,1.36E-09,true,0.054,true,1,40,,4.517,0.992,-3.671,87.243,1.127,0.972,Y,N,N,N
362,P2,false,D143,P. magellanicus,UNKNOWN,FAM,NFQ-MGB,35.552,35.268,0.520,3.51E-09,4.36E-09,1.36E-09,true,0.054,true,1,40,,4.517,0.992,-3.671,87.243,1.054,0.941,Y,N,N,N
363,P3,false,D143,P. magellanicus,UNKNOWN,FAM,NFQ-MGB,35.858,35.268,0.520,2.90E-09,4.36E-09,1.36E-09,true,0.054,true,1,40,,4.517,0.992,-3.671,87.243,1.039,0.958,Y,N,N,N
364,P4,false,D143,P. magellanicus,UNKNOWN,FAM,NFQ-MGB,34.801,35.268,0.520,5.63E-09,4.36E-09,1.36E-09,true,0.054,true,1,40,,4.517,0.992,-3.671,87.243,1.130,0.960,Y,N,N,N
365,P5,false,C87,P. magellanicus,UNKNOWN,FAM,NFQ-MGB,Undetermined,,,,,,true,0.054,true,1,40,,4.517,0.992,-3.671,87.243,0.000,0.000,N,Y,N,Y
366,P6,false,C87,P. magellanicus,UNKNOWN,FAM,NFQ-MGB,Undetermined,,,,,,true,0.054,true,1,40,,4.517,0.992,-3.671,87.243,0.000,0.000,N,Y,N,Y
367,P7,false,C87,P. magellanicus,UNKNOWN,FAM,NFQ-MGB,Undetermined,,,,,,true,0.054,true,1,40,,4.517,0.992,-3.671,87.243,0.000,0.000,N,Y,N,Y
368,P8,false,C87,P. magellanicus,UNKNOWN,FAM,NFQ-MGB,Undetermined,,,,,,true,0.054,true,1,40,,4.517,0.992,-3.671,87.243,0.000,0.000,N,Y,N,Y
369,P9,false,C21,P. magellanicus,UNKNOWN,FAM,NFQ-MGB,27.097,27.026,0.074,7.06E-07,7.39E-07,3.46E-08,true,0.054,true,1,40,,4.517,0.992,-3.671,87.243,1.187,0.964,N,N,N,N
370,P10,false,C21,P. magellanicus,UNKNOWN,FAM,NFQ-MGB,26.943,27.026,0.074,7.78E-07,7.39E-07,3.46E-08,true,0.054,true,1,40,,4.517,0.992,-3.671,87.243,1.191,0.990,N,N,N,N
371,P11,false,C21,P. magellanicus,UNKNOWN,FAM,NFQ-MGB,26.984,27.026,0.074,7.58E-07,7.39E-07,3.46E-08,true,0.054,true,1,40,,4.517,0.992,-3.671,87.243,1.178,0.987,N,N,N,N
372,P12,false,C21,P. magellanicus,UNKNOWN,FAM,NFQ-MGB,27.080,27.026,0.074,7.14E-07,7.39E-07,3.46E-08,true,0.054,true,1,40,,4.517,0.992,-3.671,87.243,1.183,0.959,N,N,N,N
373,P13,false,D25,P. magellanicus,UNKNOWN,FAM,NFQ-MGB,28.551,28.354,0.135,2.84E-07,3.22E-07,2.63E-08,true,0.054,true,1,40,,4.517,0.992,-3.671,87.243,1.187,0.939,N,N,N,N
374,P14,false,D25,P. magellanicus,UNKNOWN,FAM,NFQ-MGB,28.247,28.354,0.135,3.43E-07,3.22E-07,2.63E-08,true,0.054,true,1,40,,4.517,0.992,-3.671,87.243,1.182,0.984,N,N,N,N
375,P15,false,D25,P. magellanicus,UNKNOWN,FAM,NFQ-MGB,28.295,28.354,0.135,3.33E-07,3.22E-07,2.63E-08,true,0.054,true,1,40,,4.517,0.992,-3.671,87.243,1.187,0.988,N,N,N,N
376,P16,false,D25,P. magellanicus,UNKNOWN,FAM,NFQ-MGB,28.322,28.354,0.135,3.28E-07,3.22E-07,2.63E-08,true,0.054,true,1,40,,4.517,0.992,-3.671,87.243,1.190,0.944,N,N,N,N
377,P17,false,C97,P. magellanicus,UNKNOWN,FAM,NFQ-MGB,Undetermined,38.129,0.481,,,,true,0.054,true,1,40,,4.517,0.992,-3.671,87.243,0.000,0.000,N,Y,N,Y
378,P18,false,C97,P. magellanicus,UNKNOWN,FAM,NFQ-MGB,37.788,38.129,0.481,8.64E-10,7.14E-10,2.12E-10,true,0.054,true,1,40,,4.517,0.992,-3.671,87.243,0.894,0.897,N,N,N,N
379,P19,false,C97,P. magellanicus,UNKNOWN,FAM,NFQ-MGB,38.469,38.129,0.481,5.64E-10,7.14E-10,2.12E-10,true,0.054,true,1,40,,4.517,0.992,-3.671,87.243,0.830,0.622,N,N,N,N
380,P20,false,C97,P. magellanicus,UNKNOWN,FAM,NFQ-MGB,Undetermined,38.129,0.481,,,,true,0.054,true,1,40,,4.517,0.992,-3.671,87.243,0.000,0.000,N,N,N,Y
381,P21,false,1 e-9,P. magellanicus,STANDARD,FAM,NFQ-MGB,38.078,36.778,1.451,1.00E-09,,,true,0.054,true,1,40,,4.517,0.992,-3.671,87.243,0.861,0.861,Y,N,N,N
382,P22,false,1 e-9,P. magellanicus,STANDARD,FAM,NFQ-MGB,37.906,36.778,1.451,1.00E-09,,,true,0.054,true,1,40,,4.517,0.992,-3.671,87.243,0.914,0.625,Y,N,N,N
383,P23,false,1 e-9,P. magellanicus,STANDARD,FAM,NFQ-MGB,36.019,36.778,1.451,1.00E-09,,,true,0.054,true,1,40,,4.517,0.992,-3.671,87.243,1.045,0.941,Y,N,N,N
384,P24,false,1 e-9,P. magellanicus,STANDARD,FAM,NFQ-MGB,35.110,36.778,1.451,1.00E-09,,,true,0.054,true,1,40,,4.517,0.992,-3.671,87.243,1.119,0.927,Y,N,N,N
